-- phpMyAdmin SQL Dump
-- version phpStudy 2014
-- http://www.phpmyadmin.net
--
-- 主机: localhost
-- 生成日期: 2018 ?05 ?09 ?16:13
-- 服务器版本: 5.5.53
-- PHP 版本: 5.6.27

SET SQL_MODE="NO_AUTO_VALUE_ON_ZERO";
SET time_zone = "+00:00";


/*!40101 SET @OLD_CHARACTER_SET_CLIENT=@@CHARACTER_SET_CLIENT */;
/*!40101 SET @OLD_CHARACTER_SET_RESULTS=@@CHARACTER_SET_RESULTS */;
/*!40101 SET @OLD_COLLATION_CONNECTION=@@COLLATION_CONNECTION */;
/*!40101 SET NAMES utf8 */;

--
-- 数据库: `babyshop`
--

-- --------------------------------------------------------

--
-- 表的结构 `address`
--

CREATE TABLE IF NOT EXISTS `address` (
  `int_id` int(11) NOT NULL AUTO_INCREMENT COMMENT '地址id',
  `weixinId` varchar(29) COLLATE utf8_unicode_ci NOT NULL COMMENT '微信用户id',
  `name` varchar(10) CHARACTER SET utf8mb4 COLLATE utf8mb4_unicode_ci NOT NULL COMMENT '收货人名字',
  `phone` varchar(11) CHARACTER SET utf8mb4 COLLATE utf8mb4_unicode_ci NOT NULL COMMENT '收货人电话',
  `province` varchar(10) CHARACTER SET utf8mb4 COLLATE utf8mb4_unicode_ci NOT NULL COMMENT '省份',
  `city` varchar(10) CHARACTER SET utf8mb4 COLLATE utf8mb4_unicode_ci NOT NULL COMMENT '城市',
  `county` varchar(10) COLLATE utf8_unicode_ci NOT NULL COMMENT '区县',
  `detail` varchar(20) CHARACTER SET utf8mb4 COLLATE utf8mb4_unicode_ci NOT NULL COMMENT '详细地址',
  `bool_default` tinyint(1) NOT NULL COMMENT '是否为默认地址',
  PRIMARY KEY (`int_id`),
  KEY `id` (`int_id`)
) ENGINE=MyISAM  DEFAULT CHARSET=utf8 COLLATE=utf8_unicode_ci COMMENT='收货地址表' AUTO_INCREMENT=16 ;

--
-- 转存表中的数据 `address`
--

INSERT INTO `address` (`int_id`, `weixinId`, `name`, `phone`, `province`, `city`, `county`, `detail`, `bool_default`) VALUES
(11, 'oxiQ65D4ROe2wNwY8CpVQwHriw3k', '李宛萦', '15625505856', '广东省', '东莞市', '松山湖', '东莞理工学院', 1),
(14, 'oxiQ65D4ROe2wNwY8CpVQwHriw3k', 'win', '13800138000', '北京市', '北京市', '东城区', '123号', 0),
(15, 'oxiQ65D4ROe2wNwY8CpVQwHriw3k', '李萦', '15612222222', '山西省', '太原市', '小店区', '哈哈哈', 0);

-- --------------------------------------------------------

--
-- 表的结构 `admin`
--

CREATE TABLE IF NOT EXISTS `admin` (
  `int_id` int(11) NOT NULL AUTO_INCREMENT,
  `username` varchar(16) COLLATE utf8_unicode_ci NOT NULL,
  `password` varchar(65) COLLATE utf8_unicode_ci NOT NULL,
  `token` varchar(65) COLLATE utf8_unicode_ci NOT NULL,
  `float_time` float NOT NULL,
  PRIMARY KEY (`int_id`)
) ENGINE=MyISAM  DEFAULT CHARSET=utf8 COLLATE=utf8_unicode_ci COMMENT='后台用户登录表' AUTO_INCREMENT=2 ;

--
-- 转存表中的数据 `admin`
--

INSERT INTO `admin` (`int_id`, `username`, `password`, `token`, `float_time`) VALUES
(1, 'win', '82f605c3de826f3ed2827dac394b59d3', 'ec9767165652acb4980d82ecbd833f43', 1525840000000);

-- --------------------------------------------------------

--
-- 表的结构 `cart`
--

CREATE TABLE IF NOT EXISTS `cart` (
  `weixinId` varchar(29) COLLATE utf8_unicode_ci NOT NULL COMMENT '微信用户id',
  `int_goodid` int(11) NOT NULL COMMENT '商品id',
  `int_num` tinyint(4) NOT NULL COMMENT '对应的数量'
) ENGINE=MyISAM DEFAULT CHARSET=utf8 COLLATE=utf8_unicode_ci COMMENT='购物车表';

-- --------------------------------------------------------

--
-- 表的结构 `category`
--

CREATE TABLE IF NOT EXISTS `category` (
  `int_id` int(11) NOT NULL AUTO_INCREMENT COMMENT '分类id',
  `name` varchar(10) COLLATE utf8_unicode_ci NOT NULL COMMENT '分类名称',
  `property` varchar(30) COLLATE utf8_unicode_ci NOT NULL COMMENT '该分类下对应拥有的属性',
  PRIMARY KEY (`int_id`),
  KEY `id` (`int_id`)
) ENGINE=MyISAM  DEFAULT CHARSET=utf8 COLLATE=utf8_unicode_ci COMMENT='分类表' AUTO_INCREMENT=33 ;

--
-- 转存表中的数据 `category`
--

INSERT INTO `category` (`int_id`, `name`, `property`) VALUES
(27, '玩具', '商品名称,适用年龄,材质,玩具类型/功能'),
(26, '童车座椅', '商品名称,适用年龄,性别,尺寸,产品重量,承重'),
(25, '洗护用品', '商品名称,适用年龄,容量/规格,产地'),
(24, '纸尿裤湿巾', '商品名称,适合体重/年龄,规格,尺码,产地'),
(23, '奶粉辅食', '商品名称,奶粉阶段,适用年龄,规格,产地');

-- --------------------------------------------------------

--
-- 表的结构 `commodity`
--

CREATE TABLE IF NOT EXISTS `commodity` (
  `orderid` varchar(64) COLLATE utf8_unicode_ci NOT NULL COMMENT '订单id',
  `int_goodid` int(11) NOT NULL COMMENT '商品id',
  `float_price` float NOT NULL COMMENT '商品拍下时的价格',
  `int_num` smallint(20) NOT NULL
) ENGINE=MyISAM DEFAULT CHARSET=utf8 COLLATE=utf8_unicode_ci COMMENT='订单商品表';

--
-- 转存表中的数据 `commodity`
--

INSERT INTO `commodity` (`orderid`, `int_goodid`, `float_price`, `int_num`) VALUES
('201805050915551573', 7, 88, 2),
('201805050915551573', 2, 328, 2),
('201805050916226062', 3, 429, 3),
('201805050919186498', 1, 258, 2),
('201805050919186498', 4, 89, 2),
('201805050919348946', 7, 88, 2),
('201805050919348946', 8, 31.5, 1),
('201805050919449346', 10, 58, 3),
('201805050919522106', 5, 269, 4),
('201805050919522106', 6, 25.2, 2),
('201805050930167438', 10, 58, 1),
('201805050930167438', 1, 258, 1),
('201805091010454823', 62, 129, 1),
('201805091010454823', 11, 49.9, 1),
('201805091010534180', 5, 269, 2),
('201805091011011773', 10, 58, 3),
('201805091011517583', 56, 22.5, 3),
('201805091011517583', 1, 258, 1);

-- --------------------------------------------------------

--
-- 表的结构 `good`
--

CREATE TABLE IF NOT EXISTS `good` (
  `int_id` int(11) NOT NULL AUTO_INCREMENT COMMENT '商品id',
  `name` varchar(50) COLLATE utf8_unicode_ci NOT NULL COMMENT '商品名称',
  `float_price` float NOT NULL COMMENT '商品价格',
  `preview` varchar(300) COLLATE utf8_unicode_ci NOT NULL COMMENT '商品预览图',
  `detail` varchar(900) COLLATE utf8_unicode_ci NOT NULL COMMENT '商品详情图',
  `property` varchar(150) COLLATE utf8_unicode_ci NOT NULL COMMENT '商品属性',
  `bool_hot` tinyint(1) NOT NULL COMMENT '是否属于热卖商品',
  `bool_recomment` tinyint(1) NOT NULL COMMENT '是否属于店主推荐',
  `int_categoryId` int(11) NOT NULL COMMENT '商品所属分类',
  PRIMARY KEY (`int_id`),
  KEY `id` (`int_id`)
) ENGINE=MyISAM  DEFAULT CHARSET=utf8 COLLATE=utf8_unicode_ci COMMENT='商品表' AUTO_INCREMENT=203 ;

--
-- 转存表中的数据 `good`
--

INSERT INTO `good` (`int_id`, `name`, `float_price`, `preview`, `detail`, `property`, `bool_hot`, `bool_recomment`, `int_categoryId`) VALUES
(1, '惠氏S-26铂臻健儿乐2段（6-12月）800g', 258, 'MTgtMDMtMjggMDQ6MDQ6MTIwMS5qcGc=.jpg,MTgtMDMtMjggMDQ6MDQ6MTUwMi5qcGc=.jpg', 'MTgtMDMtMjggMDQ6MDQ6MjExLmpwZw==.jpg,MTgtMDMtMjggMDQ6MDQ6MjUyLmpwZw==.jpg,MTgtMDMtMjggMDQ6MDQ6MjczLmpwZw==.jpg,MTgtMDMtMjggMDQ6MDQ6MzA0LmpwZw==.jpg,MTgtMDMtMjggMDQ6MDQ6MzM1LmpwZw==.jpg,MTgtMDMtMjggMDQ6MDQ6Mzg2LmpwZw==.jpg,MTgtMDMtMjggMDQ6MDQ6NDE3LmpwZw==.jpg', '惠氏S-26铂臻健儿乐2段（6-12月）800g,2段,6-12个月,800g,瑞士', 0, 0, 23),
(2, '惠氏启赋较大婴儿和幼儿配方奶粉2段（6-12月）900g（注册版）\n', 328, 'MTgtMDMtMjggMDQ6MTg6NTkwMS5qcGc=.jpg,MTgtMDMtMjggMDQ6MTk6MTEwMi5qcGc=.jpg', 'MTgtMDMtMjggMDQ6MjE6MjIxLmpwZw==.jpg,MTgtMDMtMjggMDQ6MjE6MzIyLmpwZw==.jpg,MTgtMDMtMjggMDQ6MjE6MzkzLmpwZw==.jpg,MTgtMDMtMjggMDQ6MjE6NDE0LmpwZw==.jpg,MTgtMDMtMjggMDQ6MjE6NDQ1LmpwZw==.jpg,MTgtMDMtMjggMDQ6MjE6NDc2LmpwZw==.jpg,MTgtMDMtMjggMDQ6MjE6NTI3LmpwZw==.jpg', '惠氏启赋较大婴儿和幼儿配方奶粉2段（6-12月）900g（注册版）,2段,6-12个月,900g,爱尔兰', 0, 0, 23),
(3, '雅培菁智有机1段婴儿配方奶粉900g', 429, 'MTgtMDMtMjggMDQ6Mjc6MjMwMS5qcGc=.jpg,MTgtMDMtMjggMDQ6Mjc6MjYwMi5qcGc=.jpg,MTgtMDMtMjggMDQ6Mjc6MjgwMy5qcGc=.jpg,MTgtMDMtMjggMDQ6Mjc6MzEwNC5qcGc=.jpg', 'MTgtMDMtMjggMDQ6MzA6MjAxLmpwZw==.jpg,MTgtMDMtMjggMDQ6MzA6MjIyLmpwZw==.jpg,MTgtMDMtMjggMDQ6MzA6MjUzLmpwZw==.jpg,MTgtMDMtMjggMDQ6MzA6Mjk0LmpwZw==.jpg,MTgtMDMtMjggMDQ6MzA6MzE1LmpwZw==.jpg,MTgtMDMtMjggMDQ6MzA6MzU2LmpwZw==.jpg,MTgtMDMtMjggMDQ6MzA6Mzc3LmpwZw==.jpg', '雅培菁智有机1段婴儿配方奶粉900g,1段,0-12个月,900g,丹麦', 0, 0, 23),
(4, 'Moony婴儿纸尿裤NB90片', 89, 'MTgtMDMtMjggMDQ6NTI6MTMwMS5qcGc=.jpg,MTgtMDMtMjggMDQ6NTI6MTUwMi5qcGc=.jpg,MTgtMDMtMjggMDQ6NTI6MTkwMy5qcGc=.jpg', 'MTgtMDMtMjggMDQ6NTI6MjgxLmpwZw==.jpg,MTgtMDMtMjggMDQ6NTI6MzAyLmpwZw==.jpg,MTgtMDMtMjggMDQ6NTI6MzIzLmpwZw==.jpg,MTgtMDMtMjggMDQ6NTI6MzQ0LmpwZw==.jpg,MTgtMDMtMjggMDQ6NTI6MzY1LmpwZw==.jpg,MTgtMDMtMjggMDQ6NTI6Mzg2LmpwZw==.jpg,MTgtMDMtMjggMDQ6NTI6NDA3LmpwZw==.jpg', 'Moony婴儿纸尿裤NB90片,0-5kg,90,NB,日本', 0, 0, 24),
(5, '花王婴儿纸尿裤NB60片适用新生-5kg*4包', 269, 'MTgtMDMtMjggMDU6MDE6MjYwMS5qcGc=.jpg', 'MTgtMDMtMjggMDU6MDE6MzgxLmpwZw==.jpg,MTgtMDMtMjggMDU6MDE6NDAyLmpwZw==.jpg,MTgtMDMtMjggMDU6MDE6NDMzLmpwZw==.jpg,MTgtMDMtMjggMDU6MDE6NDQ0LmpwZw==.jpg,MTgtMDMtMjggMDU6MDE6NDY1LmpwZw==.jpg,MTgtMDMtMjggMDU6MDE6NDg2LmpwZw==.jpg,MTgtMDMtMjggMDU6MDE6NTA3LmpwZw==.jpg', '花王婴儿纸尿裤NB60片适用新生-5kg*4包,0-5kg,60,NB,日本', 0, 0, 24),
(6, '贝亲婴儿沐浴露200ml(免冲洗)*', 25.2, 'MTgtMDMtMjggMDY6MDc6MzUwMS5qcGc=.jpg', 'MTgtMDMtMjggMDY6MDc6MzkxLmpwZw==.jpg', '贝亲婴儿沐浴露200ml(免冲洗)*,,200ml,中国', 0, 0, 25),
(7, '费雪/Fisher Price 婴幼儿洁肤沐浴露*', 88, 'MTgtMDMtMjggMDc6MTc6MjAwMS5qcGc=.jpg,MTgtMDMtMjggMDc6MTc6MjIwMi5qcGc=.jpg', 'MTgtMDMtMjggMDc6MTc6MzAxLmpwZw==.jpg,MTgtMDMtMjggMDc6MTc6MzMyLmpwZw==.jpg,MTgtMDMtMjggMDc6MTc6MzYzLmpwZw==.jpg,MTgtMDMtMjggMDc6MTc6Mzg0LmpwZw==.jpg,MTgtMDMtMjggMDc6MTc6NDA1LmpwZw==.jpg,MTgtMDMtMjggMDc6MTc6NDM2LmpwZw==.jpg,MTgtMDMtMjggMDc6MTc6NDU3LmpwZw==.jpg', '费雪/Fisher Price 婴幼儿洁肤沐浴露*,1-5个月,300ml,中国', 0, 0, 25),
(8, '贝亲儿童沐浴露250ml', 31.5, 'MTgtMDMtMjggMDc6NDQ6MzgwMS5qcGc=.jpg,MTgtMDMtMjggMDc6NDQ6MzkwMi5qcGc=.jpg', 'MTgtMDMtMjggMDc6NTU6MzAxLmpwZw==.jpg,MTgtMDMtMjggMDc6NTU6MzEyLmpwZw==.jpg,MTgtMDMtMjggMDc6NTU6MzMzLmpwZw==.jpg,MTgtMDMtMjggMDc6NTU6Mzc0LmpwZw==.jpg', '贝亲儿童沐浴露250ml,36-144个月,250ml,中国', 0, 1, 25),
(9, '英国Britax宝得适欢途（四轮豪华）手推车（紫色）', 2599, 'MTgtMDMtMjggMDk6MTM6MDMwMS5qcGc=.jpg', 'MTgtMDMtMjggMDk6MTM6MDgxLmpwZw==.jpg,MTgtMDMtMjggMDk6MTM6MTAyLmpwZw==.jpg,MTgtMDMtMjggMDk6MTM6MTMzLmpwZw==.jpg,MTgtMDMtMjggMDk6MTM6MTk0LmpwZw==.jpg,MTgtMDMtMjggMDk6MTM6MjI1LmpwZw==.jpg,MTgtMDMtMjggMDk6MTM6MjU2LmpwZw==.jpg', '英国Britax宝得适欢途（四轮豪华）手推车（紫色）,0-36个月,男女适用,1150*620*98,12kg,25kg', 0, 0, 26),
(10, '美国香蕉宝宝Baby Banana 婴儿香蕉牙胶 硅胶磨牙棒咬胶', 58, 'MTgtMDMtMjkgMTA6MjQ6MDZmYmUyNjFlNDMwZmNkOWI4XzM4MFgzODAuanBn.jpg', 'MTgtMDMtMjkgMTA6MjQ6MDkxLmpwZw==.jpg,MTgtMDMtMjkgMTA6MjQ6MTEyLmpwZw==.jpg,MTgtMDMtMjkgMTA6MjQ6MTMzLmpwZw==.jpg,MTgtMDMtMjkgMTA6MjQ6MTU0LmpwZw==.jpg,MTgtMDMtMjkgMTA6MjQ6MTc1LmpwZw==.jpg,MTgtMDMtMjkgMTA6MjQ6MTg2LmpwZw==.jpg,MTgtMDMtMjkgMTA6MjQ6MjA3LmpwZw==.jpg', '美国香蕉宝宝Baby Banana 婴儿香蕉牙胶 硅胶磨牙棒咬胶,0-12个月,硅胶,睡眠玩具', 0, 0, 27),
(11, '澳贝放心煮收纳盒装摇铃5pcs', 49.9, 'MTgtMDMtMjkgMTA6Mjc6MzkyODU5YWViNjk1YmNmZGNhXzM4MFgzODAuanBn.jpg,MTgtMDMtMjkgMTA6Mjc6NDNhYjk3ODgxYTUwMDgyMjUzXzM4MFgzODAuanBn.jpg', 'MTgtMDMtMjkgMTA6Mjc6NDUxLmpwZw==.jpg,MTgtMDMtMjkgMTA6Mjc6NDcyLmpwZw==.jpg,MTgtMDMtMjkgMTA6Mjc6NDgzLmpwZw==.jpg,MTgtMDMtMjkgMTA6Mjc6NTA0LmpwZw==.jpg,MTgtMDMtMjkgMTA6Mjc6NTI1LmpwZw==.jpg,MTgtMDMtMjkgMTA6Mjc6NTQ2LmpwZw==.jpg', '澳贝放心煮收纳盒装摇铃5pcs,6个月以上,PC、TPE等工程材料,床铃', 0, 0, 27),
(12, 'Wyeth/惠氏 SMA PRO婴幼儿奶粉1段 800g', 175, 'MTgtMDQtMjIgMDY6NDM6MTExLmpwZw==.jpg,MTgtMDQtMjIgMDY6NDM6MTMyLmpwZw==.jpg,MTgtMDQtMjIgMDY6NDM6MTczLmpwZw==.jpg', 'MTgtMDQtMjIgMDY6NDM6MjAxMS5qcGc=.jpg,MTgtMDQtMjIgMDY6NDM6MjMyMi5qcGc=.jpg,MTgtMDQtMjIgMDY6NDM6MjYzMy5qcGc=.jpg,MTgtMDQtMjIgMDY6NDM6Mjg0NC5qcGc=.jpg,MTgtMDQtMjIgMDY6NDM6MzE1NS5qcGc=.jpg,MTgtMDQtMjIgMDY6NDM6MzM2Ni5qcGc=.jpg,MTgtMDQtMjIgMDY6NDM6MzY3Ny5qcGc=.jpg,MTgtMDQtMjIgMDY6NDM6Mzg4OC5qcGc=.jpg,MTgtMDQtMjIgMDY6NDM6NDE5OS5qcGc=.jpg,MTgtMDQtMjIgMDY6NDM6NDQ5OTEuanBn.jpg,MTgtMDQtMjIgMDY6NDM6NDk5OTIuanBn.jpg', 'Wyeth/惠氏 SMA PRO婴幼儿奶粉1段 800g,1段,0-6个月,800g,英国', 0, 0, 23),
(13, 'Wyeth/惠氏 SMA PRO婴幼儿奶粉2段 800g', 175, 'MTgtMDQtMjMgMDE6NTc6MTUxLmpwZw==.jpg,MTgtMDQtMjMgMDE6NTc6MTcyLmpwZw==.jpg,MTgtMDQtMjMgMDE6NTc6MjEzLmpwZw==.jpg', 'MTgtMDQtMjMgMDE6NTc6MzkxMS5qcGc=.jpg,MTgtMDQtMjMgMDE6NTc6NDEyMi5qcGc=.jpg,MTgtMDQtMjMgMDE6NTc6NDQzMy5qcGc=.jpg,MTgtMDQtMjMgMDE6NTc6NDc0NC5qcGc=.jpg,MTgtMDQtMjMgMDE6NTc6NDk1NS5qcGc=.jpg,MTgtMDQtMjMgMDE6NTc6NTI2Ni5qcGc=.jpg,MTgtMDQtMjMgMDE6NTc6NTc3Ny5qcGc=.jpg,MTgtMDQtMjMgMDE6NTg6MDE4OC5qcGc=.jpg,MTgtMDQtMjMgMDE6NTg6MDQ5OS5qcGc=.jpg,MTgtMDQtMjMgMDE6NTg6MDg5OTEuanBn.jpg,MTgtMDQtMjMgMDE6NTg6MTQ5OTIuanBn.jpg', 'Wyeth/惠氏 SMA PRO婴幼儿奶粉2段 800g,2段,6-12个月,800g,英国', 0, 0, 23),
(14, 'Wyeth/惠氏 SMA PRO婴幼儿奶粉3段 800g', 175, 'MTgtMDQtMjMgMDI6MzE6NTk3YWE0YTU3ZmQyNzdkNDQ0XzM4MFgzODAuanBn.jpg,MTgtMDQtMjMgMDI6MzI6NDRmYWI5OTZjYjhhZjI5NWJjXzM4MFgzODAuanBn.jpg,MTgtMDQtMjMgMDI6MzI6NDcxMjQyMGU4YzkxNjUyYjYzXzM4MFgzODAuanBn.jpg', 'MTgtMDQtMjMgMDI6NDA6MDIxLmpwZw==.jpg,MTgtMDQtMjMgMDI6NDA6MDUyLmpwZw==.jpg,MTgtMDQtMjMgMDI6NDA6MTAzLmpwZw==.jpg,MTgtMDQtMjMgMDI6NDA6MTY0LmpwZw==.jpg,MTgtMDQtMjMgMDI6NDA6MjE1LmpwZw==.jpg,MTgtMDQtMjMgMDI6NDA6MjQ2LmpwZw==.jpg,MTgtMDQtMjMgMDI6NDA6Mjc3LmpwZw==.jpg,MTgtMDQtMjMgMDI6NDA6MzE4LmpwZw==.jpg,MTgtMDQtMjMgMDI6NDA6MzY5LmpwZw==.jpg,MTgtMDQtMjMgMDI6NDA6NDAxMC5qcGc=.jpg,MTgtMDQtMjMgMDI6NDA6NDMxMS5qcGc=.jpg,MTgtMDQtMjMgMDI6NDA6NDYxMi5qcGc=.jpg', 'Wyeth/惠氏 SMA PRO婴幼儿奶粉3段 800g,3段,12-36个月,800g,英国', 0, 0, 23),
(15, '爱他美金装 Aptamil婴儿奶粉1段（0-6个月）', 190, 'MTgtMDQtMjUgMDE6MzI6MTgxLmpwZw==.jpg,MTgtMDQtMjUgMDE6MzI6MjAyLmpwZw==.jpg,MTgtMDQtMjUgMDE6MzI6MjIzLmpwZw==.jpg', 'MTgtMDQtMjUgMDE6MzI6MjgxMS5qcGc=.jpg,MTgtMDQtMjUgMDE6MzI6MzEyMi5qcGc=.jpg,MTgtMDQtMjUgMDE6MzI6MzUzMy5qcGc=.jpg,MTgtMDQtMjUgMDE6MzI6Mzg0NC5qcGc=.jpg,MTgtMDQtMjUgMDE6MzI6NDE1NS5qcGc=.jpg,MTgtMDQtMjUgMDE6MzI6NDQ2Ni5qcGc=.jpg,MTgtMDQtMjUgMDE6MzI6NDg3Ny5qcGc=.jpg,MTgtMDQtMjUgMDE6MzI6NTE4OC5qcGc=.jpg', '爱他美金装 Aptamil婴儿奶粉1段（0-6个月）,1段,0-6个月,900g,新西兰', 0, 0, 23),
(16, '爱他美金装 Aptamil婴儿奶粉2段（6-12个月）', 205, 'MTgtMDQtMjUgMDE6Mzc6NTExLmpwZw==.jpg,MTgtMDQtMjUgMDE6Mzc6NTMyLmpwZw==.jpg,MTgtMDQtMjUgMDE6Mzc6NTYzLmpwZw==.jpg', 'MTgtMDQtMjUgMDE6Mzc6NTgxMS5qcGc=.jpg,MTgtMDQtMjUgMDE6Mzg6MDEyMi5qcGc=.jpg,MTgtMDQtMjUgMDE6Mzg6MDQzMy5qcGc=.jpg,MTgtMDQtMjUgMDE6Mzg6MDc0NC5qcGc=.jpg,MTgtMDQtMjUgMDE6Mzg6MTE1NS5qcGc=.jpg,MTgtMDQtMjUgMDE6Mzg6MTM2Ni5qcGc=.jpg,MTgtMDQtMjUgMDE6Mzg6MTU3Ny5qcGc=.jpg,MTgtMDQtMjUgMDE6Mzg6MTg4OC5qcGc=.jpg', '爱他美金装 Aptamil婴儿奶粉2段（6-12个月）,2段,6-12个月,900g,新西兰', 0, 0, 23),
(17, '爱他美金装 Aptamil婴儿奶粉3段（1岁以上）', 168, 'MTgtMDQtMjUgMDE6NDI6MDgxLmpwZw==.jpg,MTgtMDQtMjUgMDE6NDI6MTAyLmpwZw==.jpg,MTgtMDQtMjUgMDE6NDI6MTMzLmpwZw==.jpg', 'MTgtMDQtMjUgMDE6NDI6MTYxMS5qcGc=.jpg,MTgtMDQtMjUgMDE6NDI6MTkyMi5qcGc=.jpg,MTgtMDQtMjUgMDE6NDI6MjEzMy5qcGc=.jpg,MTgtMDQtMjUgMDE6NDI6MjQ0NC5qcGc=.jpg,MTgtMDQtMjUgMDE6NDI6Mjc1NS5qcGc=.jpg,MTgtMDQtMjUgMDE6NDI6MzE1NS5qcGc=.jpg,MTgtMDQtMjUgMDE6NDI6MzE1NS5qcGc=.jpg,MTgtMDQtMjUgMDE6NDI6Mzc2Ni5qcGc=.jpg', '爱他美金装 Aptamil婴儿奶粉3段（1岁以上）,3段,12-24个月,900g,新西兰', 0, 0, 23),
(18, '爱他美金装 Aptamil婴儿奶粉4段（2岁以上）', 168, 'MTgtMDQtMjUgMDI6MDM6MzQxLmpwZw==.jpg,MTgtMDQtMjUgMDI6MDM6MzUyLmpwZw==.jpg,MTgtMDQtMjUgMDI6MDM6MzczLmpwZw==.jpg', 'MTgtMDQtMjUgMDI6MDM6MzkxMS5qcGc=.jpg,MTgtMDQtMjUgMDI6MDM6NDEyMi5qcGc=.jpg,MTgtMDQtMjUgMDI6MDM6NDIzMy5qcGc=.jpg,MTgtMDQtMjUgMDI6MDM6NDQ0NC5qcGc=.jpg,MTgtMDQtMjUgMDI6MDM6NDY1NS5qcGc=.jpg,MTgtMDQtMjUgMDI6MDM6NDc2Ni5qcGc=.jpg', '爱他美金装 Aptamil婴儿奶粉4段（2岁以上）,4段,24-48个月,900g,新西兰', 0, 0, 23),
(27, '爱他美白金版1段 婴幼儿配方奶粉900g', 230, 'MTgtMDQtMjUgMDI6MTY6MDExLmpwZw==.jpg', 'MTgtMDQtMjUgMDI6MTY6MDMxMS5qcGc=.jpg,MTgtMDQtMjUgMDI6MTY6MDYxMi5qcGc=.jpg,MTgtMDQtMjUgMDI6MTY6MDkxMy5qcGc=.jpg', '爱他美白金版1段 婴幼儿配方奶粉900g,1段,0-6个月,900g,新西兰', 0, 0, 23),
(28, '爱他美白金版2段 婴幼儿配方奶粉900g', 230, 'MTgtMDQtMjUgMDI6MTc6MjgyLmpwZw==.jpg', 'MTgtMDQtMjUgMDI6MTc6MzIyMS5qcGc=.jpg,MTgtMDQtMjUgMDI6MTc6MzQyMi5qcGc=.jpg,MTgtMDQtMjUgMDI6MTc6MzYyMy5qcGc=.jpg', '爱他美白金版2段 婴幼儿配方奶粉900g,2段,6-12个月,900g,新西兰', 0, 0, 23),
(29, '爱他美白金版3段 婴幼儿配方奶粉900g', 260, 'MTgtMDQtMjUgMDI6MjA6MzUzLmpwZw==.jpg', 'MTgtMDQtMjUgMDI6MjA6NDEzMS5qcGc=.jpg,MTgtMDQtMjUgMDI6MjA6NDQzMi5qcGc=.jpg,MTgtMDQtMjUgMDI6MjA6NDgzMy5qcGc=.jpg,MTgtMDQtMjUgMDI6MjA6NTEzNC5qcGc=.jpg,MTgtMDQtMjUgMDI6MjA6NTQzNS5qcGc=.jpg', '爱他美白金版3段 婴幼儿配方奶粉900g,3段,12-24个月,900g,新西兰', 0, 0, 23),
(30, '爱他美白金版4段 婴幼儿配方奶粉900g', 260, 'MTgtMDQtMjUgMDI6MjI6MTc0LmpwZw==.jpg', 'MTgtMDQtMjUgMDI6MjI6MjI0MS5qcGc=.jpg,MTgtMDQtMjUgMDI6MjI6MjU0Mi5qcGc=.jpg,MTgtMDQtMjUgMDI6MjI6Mjk0My5qcGc=.jpg,MTgtMDQtMjUgMDI6MjI6MzM0NC5qcGc=.jpg,MTgtMDQtMjUgMDI6MjI6Mzc0NS5qcGc=.jpg', '爱他美白金版4段 婴幼儿配方奶粉900g,4段,24-48个月,900g,新西兰', 0, 0, 23),
(31, '德国雀巢Nestlé贝巴BEBA成长奶粉1+段（12-24个月）', 150, 'MTgtMDUtMDUgMTA6MDA6NTQxLmpwZw==.jpg', 'MTgtMDUtMDUgMTA6MDE6MjcyLmpwZw==.jpg,MTgtMDUtMDUgMTA6MDE6MzAzLmpwZw==.jpg,MTgtMDUtMDUgMTA6MDE6MzM0LmpwZw==.jpg,MTgtMDUtMDUgMTA6MDE6MzY1LmpwZw==.jpg,MTgtMDUtMDUgMTA6MDE6Mzk2LmpwZw==.jpg,MTgtMDUtMDUgMTA6MDE6NDE3LmpwZw==.jpg,MTgtMDUtMDUgMTA6MDE6NDM4LmpwZw==.jpg,MTgtMDUtMDUgMTA6MDE6NDU5LmpwZw==.jpg,MTgtMDUtMDUgMTA6MDE6NDcxMC5qcGc=.jpg,MTgtMDUtMDUgMTA6MDE6NDgxMS5qcGc=.jpg,MTgtMDUtMDUgMTA6MDE6NTExMi5qcGc=.jpg,MTgtMDUtMDUgMTA6MDE6NTMxMy5qcGc=.jpg,MTgtMDUtMDUgMTA6MDE6NTUxNC5qcGc=.jpg,MTgtMDUtMDUgMTA6MDE6NTcxNS5qcGc=.jpg,MTgtMDUtMDUgMTA6MDE6NTkxNi5qcGc=.jpg', '德国雀巢Nestlé贝巴BEBA成长奶粉1+段,4段,12-24个月,600g,德国', 0, 0, 23),
(32, '德国雀巢Nestlé贝巴BEBA成长奶粉2+段（2岁以上）', 150, 'MTgtMDUtMDUgMTA6MDY6MzloaC5qcGc=.jpg', 'MTgtMDUtMDUgMTA6MDY6NDQyLmpwZw==.jpg,MTgtMDUtMDUgMTA6MDY6NDkxLmpwZw==.jpg,MTgtMDUtMDUgMTA6MDY6NTEyLmpwZw==.jpg,MTgtMDUtMDUgMTA6MDY6NTMzLmpwZw==.jpg,MTgtMDUtMDUgMTA6MDY6NTU0LmpwZw==.jpg,MTgtMDUtMDUgMTA6MDY6NTc1LmpwZw==.jpg,MTgtMDUtMDUgMTA6MDY6NTk2LmpwZw==.jpg,MTgtMDUtMDUgMTA6MDc6MDE3LmpwZw==.jpg', '德国雀巢Nestlé贝巴BEBA成长奶粉2+段（2岁以上）,5段,24-36个月,600g,德国', 0, 0, 23),
(33, '雅培菁智有机2段较大婴儿和幼儿配方奶粉900g', 428, 'MTgtMDUtMDUgMTA6MjI6MTUxLmpwZw==.jpg,MTgtMDUtMDUgMTA6MjI6MjAyLmpwZw==.jpg,MTgtMDUtMDUgMTA6MjI6MjIzLmpwZw==.jpg', 'MTgtMDUtMDUgMTA6MjI6MjQxMS5qcGc=.jpg,MTgtMDUtMDUgMTA6MjI6MjcyMi5qcGc=.jpg,MTgtMDUtMDUgMTA6MjI6MzAzMy5qcGc=.jpg,MTgtMDUtMDUgMTA6MjI6MzM0NC5qcGc=.jpg,MTgtMDUtMDUgMTA6MjI6MzY1NS5qcGc=.jpg,MTgtMDUtMDUgMTA6MjI6Mzg2Ni5qcGc=.jpg', '雅培菁智有机2段较大婴儿和幼儿配方奶粉900g,2段,6-18个月,900g,丹麦', 0, 0, 23),
(34, '雅培菁智有机3段幼儿配方奶粉900g', 368, 'MTgtMDUtMDUgMTA6MjU6NTcwMS5qcGc=.jpg,MTgtMDUtMDUgMTA6MjY6MDMwMi5qcGc=.jpg,MTgtMDUtMDUgMTA6MjY6MDgwMy5qcGc=.jpg', 'MTgtMDUtMDUgMTA6MjY6MTUxMS5qcGc=.jpg,MTgtMDUtMDUgMTA6MjY6MTkyMi5qcGc=.jpg,MTgtMDUtMDUgMTA6MjY6MjMzMy5qcGc=.jpg,MTgtMDUtMDUgMTA6MjY6MjY0NC5qcGc=.jpg,MTgtMDUtMDUgMTA6MjY6Mjk1NS5qcGc=.jpg,MTgtMDUtMDUgMTA6Mjc6MjU2Ni5qcGc=.jpg', '雅培菁智有机3段幼儿配方奶粉900g,3段,12-36个月,900g,丹麦', 0, 0, 23),
(35, '雅培菁智1段婴儿配方奶粉900g', 289, 'MTgtMDUtMDYgMTI6MDU6NTVmZi5qcGc=.jpg,MTgtMDUtMDYgMTI6MDU6NTdmMi5qcGc=.jpg,MTgtMDUtMDYgMTI6MDY6MDBmMy5qcGc=.jpg', 'MTgtMDUtMDYgMTI6MDY6MDMxLmpwZw==.jpg,MTgtMDUtMDYgMTI6MDY6MDUyLmpwZw==.jpg,MTgtMDUtMDYgMTI6MDY6MDczLmpwZw==.jpg,MTgtMDUtMDYgMTI6MDY6MDk0LmpwZw==.jpg,MTgtMDUtMDYgMTI6MDY6MTI1LmpwZw==.jpg,MTgtMDUtMDYgMTI6MDY6MTM2LmpwZw==.jpg,MTgtMDUtMDYgMTI6MDY6MTU3LmpwZw==.jpg,MTgtMDUtMDYgMTI6MDY6MTg4LmpwZw==.jpg,MTgtMDUtMDYgMTI6MDY6Mjc5LmpwZw==.jpg', '雅培菁智1段婴儿配方奶粉900g,1段,0-12个月,900g,爱尔兰', 0, 0, 23),
(36, '雅培菁智2段较大婴儿和幼儿配方奶粉900g', 339, 'MTgtMDUtMDYgMDI6NDU6MThkZC5qcGc=.jpg,MTgtMDUtMDYgMDI6NDU6MjBkMi5qcGc=.jpg,MTgtMDUtMDYgMDI6NDU6MjJkMy5qcGc=.jpg', 'MTgtMDUtMDYgMDI6NDU6MjUxLmpwZw==.jpg,MTgtMDUtMDYgMDI6NDU6MjkzLmpwZw==.jpg,MTgtMDUtMDYgMDI6NDU6MjkzLmpwZw==.jpg,MTgtMDUtMDYgMDI6NDU6MzMyLmpwZw==.jpg,MTgtMDUtMDYgMDI6NDU6MzUzLmpwZw==.jpg,MTgtMDUtMDYgMDI6NDU6Mzg0LmpwZw==.jpg,MTgtMDUtMDYgMDI6NDU6NDE1LmpwZw==.jpg,MTgtMDUtMDYgMDI6NDU6NDM2LmpwZw==.jpg,MTgtMDUtMDYgMDI6NDU6NTc3LmpwZw==.jpg,MTgtMDUtMDYgMDI6NDY6MDE4LmpwZw==.jpg,MTgtMDUtMDYgMDI6NDY6MDQ5LmpwZw==.jpg', '雅培菁智2段较大婴儿和幼儿配方奶粉900g,2段,6-18个月,900g,爱尔兰', 0, 0, 23),
(37, '雅培菁智3段幼儿配方奶粉900g', 312, 'MTgtMDUtMDYgMDI6NDk6NDVkZC5qcGc=.jpg,MTgtMDUtMDYgMDI6NDk6NDlkMS5qcGc=.jpg,MTgtMDUtMDYgMDI6NDk6NTNkMi5qcGc=.jpg', 'MTgtMDUtMDYgMDI6NDk6NTYxLmpwZw==.jpg,MTgtMDUtMDYgMDI6NDk6NTkyLmpwZw==.jpg,MTgtMDUtMDYgMDI6NTA6MDEzLmpwZw==.jpg,MTgtMDUtMDYgMDI6NTA6MDM0LmpwZw==.jpg,MTgtMDUtMDYgMDI6NTA6MDU1LmpwZw==.jpg,MTgtMDUtMDYgMDI6NTA6MDc2LmpwZw==.jpg,MTgtMDUtMDYgMDI6NTA6MTI3LmpwZw==.jpg,MTgtMDUtMDYgMDI6NTA6MTY4LmpwZw==.jpg,MTgtMDUtMDYgMDI6NTA6MjI5LmpwZw==.jpg', '雅培菁智3段幼儿配方奶粉900g,3段,12-36个月,900g,爱尔兰', 0, 0, 23),
(38, '雅培金装1段亲护乳蛋白部分水解婴儿配方奶粉820g', 309, 'MTgtMDUtMDYgMDI6NTc6MzkxLmpwZw==.jpg,MTgtMDUtMDYgMDI6NTc6NDEyLmpwZw==.jpg,MTgtMDUtMDYgMDI6NTc6NDMzLmpwZw==.jpg', 'MTgtMDUtMDYgMDI6NTc6NDYxMS5qcGc=.jpg,MTgtMDUtMDYgMDI6NTc6NDgyMi5qcGc=.jpg,MTgtMDUtMDYgMDI6NTc6NTEzMy5qcGc=.jpg,MTgtMDUtMDYgMDI6NTc6NTQ0NC5qcGc=.jpg,MTgtMDUtMDYgMDI6NTg6MDM1NS5qcGc=.jpg,MTgtMDUtMDYgMDI6NTg6MDU2Ni5qcGc=.jpg,MTgtMDUtMDYgMDI6NTg6MDc3Ny5qcGc=.jpg', '雅培金装1段亲护乳蛋白部分水解婴儿配方奶粉820g,特殊配方,0-12个月,820g,西班牙', 0, 0, 23),
(39, '雅培金装2段亲护较大婴幼儿护乳蛋白部分水解婴儿配方奶粉820g', 312, 'MTgtMDUtMDYgMDM6MDU6MDJkMS5qcGc=.jpg,MTgtMDUtMDYgMDM6MDU6MDRkMi5qcGc=.jpg,MTgtMDUtMDYgMDM6MDU6MDZkMy5qcGc=.jpg', 'MTgtMDUtMDYgMDM6MDU6MDkxLmpwZw==.jpg,MTgtMDUtMDYgMDM6MDU6MTEyLmpwZw==.jpg,MTgtMDUtMDYgMDM6MDU6MTMzLmpwZw==.jpg,MTgtMDUtMDYgMDM6MDU6MTU0LmpwZw==.jpg,MTgtMDUtMDYgMDM6MDU6MTc1LmpwZw==.jpg,MTgtMDUtMDYgMDM6MDU6MTk2LmpwZw==.jpg', '雅培金装2段亲护较大婴幼儿护乳蛋白部分水解婴儿配方奶粉820g,特殊配方,6-12个月,820g,西班牙', 0, 0, 23),
(62, 'Huggies 好奇铂金装成长裤M58+2片（8-11kg）', 129, 'MTgtMDUtMDYgMTA6NTI6MzQxMS5qcGc=.jpg', 'MTgtMDUtMDYgMTA6NTQ6MjAxMS5qcGc=.jpg,MTgtMDUtMDYgMTA6NTQ6MjMyMi5qcGc=.jpg,MTgtMDUtMDYgMTA6NTQ6MjUzMy5qcGc=.jpg,MTgtMDUtMDYgMTA6NTQ6Mjg0NC5qcGc=.jpg,MTgtMDUtMDYgMTA6NTQ6MzA1NS5qcGc=.jpg,MTgtMDUtMDYgMTA6NTQ6MzI2Ni5qcGc=.jpg,MTgtMDUtMDYgMTA6NTQ6MzY3Ny5qcGc=.jpg,MTgtMDUtMDYgMTA6NTQ6Mzk4OC5qcGc=.jpg,MTgtMDUtMDYgMTA6NTQ6NDE5OS5qcGc=.jpg', 'Huggies 好奇铂金装成长裤M58+2片（8-11kg）,8-11kg,60,M,中国', 0, 0, 24),
(40, '雅培金装3段亲护幼儿配方奶粉820g', 300, 'MTgtMDUtMDYgMDM6MTA6NTlxMS5qcGc=.jpg,MTgtMDUtMDYgMDM6MTE6MDJxMi5qcGc=.jpg,MTgtMDUtMDYgMDM6MTE6MDVxMy5qcGc=.jpg', 'MTgtMDUtMDYgMDM6MTI6NTYxMS5qcGc=.jpg,MTgtMDUtMDYgMDM6MTI6NTgyMi5qcGc=.jpg,MTgtMDUtMDYgMDM6MTM6MDAzMy5qcGc=.jpg,MTgtMDUtMDYgMDM6MTM6MDQ0LmpwZw==.jpg,MTgtMDUtMDYgMDM6MTQ6MzU1LmpwZw==.jpg,MTgtMDUtMDYgMDM6MTQ6Mzg2LmpwZw==.jpg', '雅培金装3段亲护幼儿配方奶粉820g,特殊配方,12-36个月,820g,西班牙', 0, 0, 23),
(41, '雅培全新金装小安素奶粉900g（香草味）', 208, 'MTgtMDUtMDYgMDM6MjQ6NTRwcC5qcGc=.jpg,MTgtMDUtMDYgMDM6MjQ6NTZwMS5qcGc=.jpg,MTgtMDUtMDYgMDM6MjQ6NThwMi5qcGc=.jpg', 'MTgtMDUtMDYgMDM6MjU6MDExLmpwZw==.jpg', '雅培全新金装小安素奶粉900g（香草味）,特殊配方,12个月以上,900g,新加坡', 0, 0, 23),
(42, '意大利雅培小安素儿童成长奶粉400g', 145, 'MTgtMDUtMDYgMDM6Mjc6MTAxMS5qcGc=.jpg', 'MTgtMDUtMDYgMDM6Mjc6MTYyMi5qcGc=.jpg,MTgtMDUtMDYgMDM6Mjc6MTkzMy5qcGc=.jpg,MTgtMDUtMDYgMDM6Mjc6MjI0NC5qcGc=.jpg', '意大利雅培小安素儿童成长奶粉400g,特殊配方,12-120个月,400g,意大利', 1, 0, 23),
(43, '雅培金装喜康宝早产婴儿配方奶粉370g', 169, 'MTgtMDUtMDYgMDM6MzA6NTUyMS5qcGc=.jpg', 'MTgtMDUtMDYgMDM6MzA6NTgxMS5qcGc=.jpg', '雅培金装喜康宝早产婴儿配方奶粉370g,特殊配方,0-12个月,370g,西班牙', 1, 0, 23),
(44, 'Cow&Gate/牛栏 婴幼儿奶粉1段 900g', 155, 'MTgtMDUtMDYgMDM6MzY6MDQxMTEuanBn.jpg,MTgtMDUtMDYgMDM6MzY6MDYyMjIuanBn.jpg,MTgtMDUtMDYgMDM6MzY6MDgzMzMuanBn.jpg', 'MTgtMDUtMDYgMDM6MzY6MTIxLmpwZw==.jpg,MTgtMDUtMDYgMDM6MzY6MTUyLmpwZw==.jpg,MTgtMDUtMDYgMDM6MzY6MTgzLmpwZw==.jpg,MTgtMDUtMDYgMDM6MzY6NTM0LmpwZw==.jpg,MTgtMDUtMDYgMDM6MzY6NTQ1LmpwZw==.jpg,MTgtMDUtMDYgMDM6MzY6NTc2LmpwZw==.jpg,MTgtMDUtMDYgMDM6MzY6NTk3LmpwZw==.jpg,MTgtMDUtMDYgMDM6Mzc6MDM4LmpwZw==.jpg,MTgtMDUtMDYgMDM6Mzc6MDY5LmpwZw==.jpg,MTgtMDUtMDYgMDM6Mzc6MTAxMC5qcGc=.jpg,MTgtMDUtMDYgMDM6Mzc6MTUxMS5qcGc=.jpg,MTgtMDUtMDYgMDM6Mzc6MjExMi5qcGc=.jpg,MTgtMDUtMDYgMDM6Mzc6MzcxMy5qcGc=.jpg,MTgtMDUtMDYgMDM6Mzc6NDIxNC5qcGc=.jpg,MTgtMDUtMDYgMDM6Mzc6NDQxNS5qcGc=.jpg', 'Cow&Gate/牛栏 婴幼儿奶粉1段 900g,1段,0-6个月,900g,英国', 0, 1, 23),
(45, 'Cow&Gate/牛栏 婴幼儿奶粉2段 900g', 155, 'MTgtMDUtMDYgMDM6NTE6MDAxMS5qcGc=.jpg', 'MTgtMDUtMDYgMDM6NTE6MDMxLmpwZw==.jpg,MTgtMDUtMDYgMDM6NTE6MDUyLmpwZw==.jpg,MTgtMDUtMDYgMDM6NTE6MDczLmpwZw==.jpg,MTgtMDUtMDYgMDM6NTE6MTA0LmpwZw==.jpg,MTgtMDUtMDYgMDM6NTE6MTM1LmpwZw==.jpg,MTgtMDUtMDYgMDM6NTE6MTY2LmpwZw==.jpg,MTgtMDUtMDYgMDM6NTE6MjA3LmpwZw==.jpg', 'Cow&Gate/牛栏 婴幼儿奶粉2段 900g,2段,6-12个月,900g,英国', 0, 0, 23),
(46, 'Cow&Gate/牛栏 婴幼儿奶粉3段 900g', 155, 'MTgtMDUtMDYgMDQ6MTM6MTMwMS5qcGc=.jpg', 'MTgtMDUtMDYgMDQ6MTM6NDMxLmpwZw==.jpg,MTgtMDUtMDYgMDQ6MTM6NDYyLmpwZw==.jpg,MTgtMDUtMDYgMDQ6MTM6NDgzLmpwZw==.jpg,MTgtMDUtMDYgMDQ6MTM6NTA0LmpwZw==.jpg,MTgtMDUtMDYgMDQ6MTM6NTM1LmpwZw==.jpg,MTgtMDUtMDYgMDQ6MTM6NTU2LmpwZw==.jpg,MTgtMDUtMDYgMDQ6MTM6NTc3LmpwZw==.jpg,MTgtMDUtMDYgMDQ6MTQ6MDA4LmpwZw==.jpg,MTgtMDUtMDYgMDQ6MTQ6MDI5LmpwZw==.jpg,MTgtMDUtMDYgMDQ6MTQ6MDUxMC5qcGc=.jpg,MTgtMDUtMDYgMDQ6MTQ6MDkxMS5qcGc=.jpg', 'Cow&Gate/牛栏 婴幼儿奶粉3段 900g,3段,12-24个月,900g,英国', 0, 0, 23),
(47, 'Cow&Gate/牛栏 婴幼儿奶粉4段 900g', 155, 'MTgtMDUtMDYgMDQ6MTc6NDFkZC5qcGc=.jpg', 'MTgtMDUtMDYgMDQ6MTc6NDYxLmpwZw==.jpg,MTgtMDUtMDYgMDQ6MTc6NDkyLmpwZw==.jpg,MTgtMDUtMDYgMDQ6MTc6NTEzLmpwZw==.jpg,MTgtMDUtMDYgMDQ6MTc6NTM0LmpwZw==.jpg,MTgtMDUtMDYgMDQ6MTc6NTY1LmpwZw==.jpg,MTgtMDUtMDYgMDQ6MTc6NTg2LmpwZw==.jpg,MTgtMDUtMDYgMDQ6MTg6MDA3LmpwZw==.jpg,MTgtMDUtMDYgMDQ6MTg6MDM4LmpwZw==.jpg,MTgtMDUtMDYgMDQ6MTg6MDc5LmpwZw==.jpg,MTgtMDUtMDYgMDQ6MTg6MDkxMC5qcGc=.jpg,MTgtMDUtMDYgMDQ6MTg6MTExMS5qcGc=.jpg', 'Cow&Gate/牛栏 婴幼儿奶粉4段 900g,4段,24-36个月,900g,英国', 0, 0, 23),
(48, 'TwoCows淘高斯双牛全脂高钙儿童成人奶粉400g', 54, 'MTgtMDUtMDYgMDQ6MjI6MjdoaC5qcGc=.jpg,MTgtMDUtMDYgMDQ6MjI6MjhoaGguanBn.jpg', 'MTgtMDUtMDYgMDQ6MjI6MzFoMS5qcGc=.jpg,MTgtMDUtMDYgMDQ6MjI6MzRoMi5qcGc=.jpg,MTgtMDUtMDYgMDQ6MjI6MzZoMy5qcGc=.jpg,MTgtMDUtMDYgMDQ6MjI6NDRoNC5qcGc=.jpg,MTgtMDUtMDYgMDQ6MjI6NDZoNS5qcGc=.jpg,MTgtMDUtMDYgMDQ6MjI6NDloNi5qcGc=.jpg,MTgtMDUtMDYgMDQ6MjI6NTFoNy5qcGc=.jpg', 'TwoCows淘高斯双牛全脂高钙儿童成人奶粉400g,成人奶粉,36-720个月,400g,荷兰', 1, 0, 23),
(50, 'Gerber/嘉宝缤纷水果营养配方米粉225g（6个月以上）', 52.5, 'MTgtMDUtMDYgMDQ6NDc6NTYxLmpwZw==.jpg,MTgtMDUtMDYgMDQ6NDc6NTgyLmpwZw==.jpg,MTgtMDUtMDYgMDQ6NDg6MDEzLmpwZw==.jpg', 'MTgtMDUtMDYgMDQ6NDg6MDMxMS5qcGc=.jpg,MTgtMDUtMDYgMDQ6NDg6MDgyMi5qcGc=.jpg,MTgtMDUtMDYgMDQ6NDg6MTEzMy5qcGc=.jpg,MTgtMDUtMDYgMDQ6NDg6MTQ0NC5qcGc=.jpg,MTgtMDUtMDYgMDQ6NDg6MTg1NS5qcGc=.jpg,MTgtMDUtMDYgMDQ6NDg6MjE2Ni5qcGc=.jpg,MTgtMDUtMDYgMDQ6NDg6Mjg3Ny5qcGc=.jpg,MTgtMDUtMDYgMDQ6NDg6MzI4OC5qcGc=.jpg,MTgtMDUtMDYgMDQ6NDg6MzU5OS5qcGc=.jpg', 'Gerber/嘉宝缤纷水果营养配方米粉225g（6个月以上）,/,6-24个月,225g,中国', 0, 0, 23),
(51, 'Gerber/嘉宝番茄牛肉营养配方米粉225g（8个月以上）', 50, 'MTgtMDUtMDYgMDk6NDY6NTdkMS5qcGc=.jpg,MTgtMDUtMDYgMDk6NDY6NTlkMi5qcGc=.jpg,MTgtMDUtMDYgMDk6NDc6MDJkMy5qcGc=.jpg', 'MTgtMDUtMDYgMDk6NDc6MDVkMTEuanBn.jpg,MTgtMDUtMDYgMDk6NDc6MDdkMjIuanBn.jpg', 'Gerber/嘉宝番茄牛肉营养配方米粉225g（8个月以上）,/,8-24个月,225g,中国', 0, 0, 23),
(52, 'Gerber/嘉宝营养配方米粉1段225g', 42.5, 'MTgtMDUtMDYgMDk6NTE6MjdhMS5qcGc=.jpg,MTgtMDUtMDYgMDk6NTE6MjlhMi5qcGc=.jpg,MTgtMDUtMDYgMDk6NTE6MzJhMy5qcGc=.jpg', 'MTgtMDUtMDYgMDk6NTE6MzZhMTEuanBn.jpg,MTgtMDUtMDYgMDk6NTE6MzhhMTIuanBn.jpg,MTgtMDUtMDYgMDk6NTE6NDBhMTMuanBn.jpg', 'Gerber/嘉宝营养配方米粉1段225g,/,6-24个月,225g,中国', 0, 0, 23),
(53, 'Gerber/嘉宝豌豆营养米粉225g（6个月以上）', 42.5, 'MTgtMDUtMDYgMDk6NTc6MjQxLmpwZw==.jpg,MTgtMDUtMDYgMDk6NTc6MjUyLmpwZw==.jpg,MTgtMDUtMDYgMDk6NTc6MjgzLmpwZw==.jpg', 'MTgtMDUtMDYgMDk6NTc6MzExMS5qcGc=.jpg,MTgtMDUtMDYgMDk6NTc6MzMyMi5qcGc=.jpg,MTgtMDUtMDYgMDk6NTc6MzYzMy5qcGc=.jpg', 'Gerber/嘉宝豌豆营养米粉225g（6个月以上）,/,6-24个月,225g,中国', 0, 0, 23),
(54, 'Gerber/嘉宝菠菜营养配方米粉225g（6个月以上）', 48, 'MTgtMDUtMDYgMTA6MDA6MDdkMS5qcGc=.jpg,MTgtMDUtMDYgMTA6MDA6MTBkMi5qcGc=.jpg,MTgtMDUtMDYgMTA6MDA6MTJkMy5qcGc=.jpg', 'MTgtMDUtMDYgMTA6MDA6MTVkMTEuanBn.jpg,MTgtMDUtMDYgMTA6MDA6MTdkMjIuanBn.jpg,MTgtMDUtMDYgMTA6MDA6MjBkMzMuanBn.jpg', 'Gerber/嘉宝菠菜营养配方米粉225g（6个月以上）,/,6-24个月,225g,中国', 0, 0, 23),
(55, 'Gerber/嘉宝钙铁锌营养麦粉1段225g', 48.5, 'MTgtMDUtMDYgMTA6MDI6NTFhMS5qcGc=.jpg,MTgtMDUtMDYgMTA6MDI6NTRhMi5qcGc=.jpg,MTgtMDUtMDYgMTA6MDI6NTdhMy5qcGc=.jpg', 'MTgtMDUtMDYgMTA6MDM6MTBhMTEuanBn.jpg,MTgtMDUtMDYgMTA6MDM6MThhMjIuanBn.jpg,MTgtMDUtMDYgMTA6MDM6MjFkMzMuanBn.jpg', 'Gerber/嘉宝钙铁锌营养麦粉1段225g,/,6-24个月,225g,中国', 0, 0, 23),
(56, 'Heinz/亨氏强化铁锌钙营养奶米粉225g（6个月以上)', 22.5, 'MTgtMDUtMDYgMTA6MDU6NTFzMS5qcGc=.jpg,MTgtMDUtMDYgMTA6MDU6NTRzMi5qcGc=.jpg', 'MTgtMDUtMDYgMTA6MDY6MDJzMTEuanBn.jpg', 'Heinz/亨氏强化铁锌钙营养奶米粉225g（6个月以上),/,6-36个月,225g,中国', 1, 0, 23),
(63, '好奇金装超柔贴身纸尿裤超值装NB80+10片', 86, 'MTgtMDUtMDkgMTE6MTc6MTZkMS5qcGc=.jpg,MTgtMDUtMDkgMTE6MTc6MTZkMi5qcGc=.jpg', 'MTgtMDUtMDkgMTE6MTc6MjBkMTEuanBn.jpg,MTgtMDUtMDkgMTE6MTc6MjFkMjIuanBn.jpg,MTgtMDUtMDkgMTE6MTc6MjVkMTAwLmpwZw==.jpg', '好奇金装超柔贴身纸尿裤超值装NB80+10片,初生-5kg,80+10片,NB,中国', 0, 0, 24),
(57, 'Heinz/亨氏超值装鱼肉蔬菜营养米粉400G', 38, 'MTgtMDUtMDYgMTA6MDk6NTcxLmpwZw==.jpg,MTgtMDUtMDYgMTA6MTA6MDMyLmpwZw==.jpg,MTgtMDUtMDYgMTA6MTA6MDUzLmpwZw==.jpg', 'MTgtMDUtMDYgMTA6MTA6MDgxMS5qcGc=.jpg,MTgtMDUtMDYgMTA6MTA6MTAyMi5qcGc=.jpg,MTgtMDUtMDYgMTA6MTA6MTMzMy5qcGc=.jpg,MTgtMDUtMDYgMTA6MTA6MTU0NC5qcGc=.jpg,MTgtMDUtMDYgMTA6MTA6MTc1NS5qcGc=.jpg,MTgtMDUtMDYgMTA6MTA6MTk2Ni5qcGc=.jpg,MTgtMDUtMDYgMTA6MTA6MjE3Ny5qcGc=.jpg', 'Heinz/亨氏超值装鱼肉蔬菜营养米粉400G,/,6-36个月,400g,中国', 0, 0, 23),
(58, 'Heinz亨氏黑米红枣营养米粉（超值装）400g(6个月以上)', 33, 'MTgtMDUtMDYgMTA6MTU6MzZkMS5qcGc=.jpg,MTgtMDUtMDYgMTA6MTU6MzdkMi5qcGc=.jpg', 'MTgtMDUtMDYgMTA6MTU6MzlkMTEuanBn.jpg', 'Heinz亨氏黑米红枣营养米粉（超值装）400g(6个月以上),/ ,6-24个月,400g,中国', 0, 0, 23),
(59, 'Heinz/亨氏牛肉番茄营养米粉225g（3阶段）', 27.5, 'MTgtMDUtMDYgMTA6MjE6MTYxLmpwZw==.jpg,MTgtMDUtMDYgMTA6MjE6MTgyLmpwZw==.jpg', 'MTgtMDUtMDYgMTA6MjE6MjExMS5qcGc=.jpg', 'Heinz/亨氏牛肉番茄营养米粉225g（3阶段）,/,7-36个月,225g,中国', 0, 0, 23),
(64, 'Huggies好奇银装干爽舒适纸尿裤超值装 NB66片+12', 55, 'MTgtMDUtMDkgMTE6MjY6MTUxLmpwZw==.jpg,MTgtMDUtMDkgMTE6MjY6MTcyLmpwZw==.jpg', 'MTgtMDUtMDkgMTE6MjY6MjExMS5qcGc=.jpg,MTgtMDUtMDkgMTE6MjY6MjMyMi5qcGc=.jpg,MTgtMDUtMDkgMTE6MjY6MjUzMy5qcGc=.jpg,MTgtMDUtMDkgMTE6MjY6Mjc0NC5qcGc=.jpg,MTgtMDUtMDkgMTE6MjY6Mjk1NS5qcGc=.jpg,MTgtMDUtMDkgMTE6MjY6MzE2Ni5qcGc=.jpg,MTgtMDUtMDkgMTE6MjY6MzM3Ny5qcGc=.jpg', 'Huggies好奇银装干爽舒适纸尿裤超值装 NB66片+12（初生-5kg）,初生-5kg,78,NB,中国', 0, 0, 24),
(65, '好奇铂金装倍柔亲肤纸尿裤M52片', 110, 'MTgtMDUtMDkgMTE6NDA6MjdkMS5qcGc=.jpg,MTgtMDUtMDkgMTE6NDA6MjlkMi5qcGc=.jpg', 'MTgtMDUtMDkgMTE6NDA6MzFkMTEuanBn.jpg,MTgtMDUtMDkgMTE6NDA6MzJkMjIuanBn.jpg,MTgtMDUtMDkgMTE6NDA6MzVkMzMuanBn.jpg,MTgtMDUtMDkgMTE6NDA6MzZkNDQuanBn.jpg,MTgtMDUtMDkgMTE6NDA6MzhkNTUuanBn.jpg', '好奇铂金装倍柔亲肤纸尿裤M52片,7-11kg,52片,M,韩国', 0, 0, 24),
(66, 'Huggies好奇铂金装倍柔亲肤纸尿裤超值装NB66片+10', 89, 'MTgtMDUtMDkgMTE6NDM6MjcxLmpwZw==.jpg,MTgtMDUtMDkgMTE6NDM6MjkyLmpwZw==.jpg', 'MTgtMDUtMDkgMTE6NDM6MzExMS5qcGc=.jpg,MTgtMDUtMDkgMTE6NDM6MzMyMi5qcGc=.jpg,MTgtMDUtMDkgMTE6NDM6MzUzMy5qcGc=.jpg,MTgtMDUtMDkgMTE6NDM6Mzc0NC5qcGc=.jpg,MTgtMDUtMDkgMTE6NDM6NDA1NS5qcGc=.jpg,MTgtMDUtMDkgMTE6NDM6NDI2Ni5qcGc=.jpg', 'Huggies好奇铂金装倍柔亲肤纸尿裤超值装NB66片+10,初生-5kg,76,NB,韩国', 0, 0, 24),
(67, 'Huggies好奇铂金装倍柔亲肤纸尿裤超值装S58片+12（4-8kg）', 89, 'MTgtMDUtMDkgMTE6NTI6MDdkMS5qcGc=.jpg,MTgtMDUtMDkgMTE6NTI6MTBkMi5qcGc=.jpg', 'MTgtMDUtMDkgMTE6NTI6MTVkMTEuanBn.jpg', 'Huggies好奇铂金装倍柔亲肤纸尿裤超值装S58片+12（4-8kg）,4-8kg,70,S,韩国', 0, 0, 24),
(68, '大王天使系列婴幼儿纸尿裤XL30', 158, 'MTgtMDUtMDkgMTI6MDA6NTgxLmpwZw==.jpg', 'MTgtMDUtMDkgMTI6MDE6MDAyMi5qcGc=.jpg,MTgtMDUtMDkgMTI6MDE6MDIzMy5qcGc=.jpg,MTgtMDUtMDkgMTI6MDE6MDQ0NC5qcGc=.jpg,MTgtMDUtMDkgMTI6MDE6MDY1NS5qcGc=.jpg,MTgtMDUtMDkgMTI6MDE6MDg2Ni5qcGc=.jpg', '大王天使系列婴幼儿纸尿裤XL30,12-17kg,30,XL,中国', 0, 0, 24),
(69, '大王维E系列环贴式婴幼儿纸尿裤L68片', 135, 'MTgtMDUtMDkgMDE6MDc6MjZkMS5qcGc=.jpg', 'MTgtMDUtMDkgMDE6MDc6MzNkMTEuanBn.jpg,MTgtMDUtMDkgMDE6MDc6MzVkMjIuanBn.jpg,MTgtMDUtMDkgMDE6MDc6MzhkMzMuanBn.jpg,MTgtMDUtMDkgMDE6MDc6NDBkNDQuanBn.jpg,MTgtMDUtMDkgMDE6MDc6NDRkNTUuanBn.jpg,MTgtMDUtMDkgMDE6MDc6NDZkNjYuanBn.jpg,MTgtMDUtMDkgMDE6MDc6NDhkNzcuanBn.jpg,MTgtMDUtMDkgMDE6MDc6NTBkODguanBn.jpg', '大王维E系列环贴式婴幼儿纸尿裤L68片,9-14kg,68,L,中国', 0, 0, 24),
(70, '大王天使系列婴幼儿纸尿裤S58', 158, 'MTgtMDUtMDkgMDE6MjA6MTQxLmpwZw==.jpg,MTgtMDUtMDkgMDE6MjA6MTYyLmpwZw==.jpg', 'MTgtMDUtMDkgMDE6MjA6MTgxMS5qcGc=.jpg,MTgtMDUtMDkgMDE6MjA6MjAyMi5qcGc=.jpg,MTgtMDUtMDkgMDE6MjA6MjIzMy5qcGc=.jpg', '大王天使系列婴幼儿纸尿裤S58,4-8kg,58,S,日本', 0, 0, 24),
(71, '大王天使系列婴幼儿纸尿裤NB62', 158, 'MTgtMDUtMDkgMDE6Mjk6MzhhMS5qcGc=.jpg', 'MTgtMDUtMDkgMDE6Mjk6NDBhMTEuanBn.jpg,MTgtMDUtMDkgMDE6Mjk6NDJhMjIuanBn.jpg,MTgtMDUtMDkgMDE6Mjk6NDZhMzMuanBn.jpg,MTgtMDUtMDkgMDE6Mjk6NTBhNDQuanBn.jpg,MTgtMDUtMDkgMDE6Mjk6NTJhNTUuanBn.jpg', '大王天使系列婴幼儿纸尿裤NB62,初生-5kg,62,NB,日本', 0, 0, 24),
(72, '大王维E系列环贴式婴幼儿纸尿裤M84片', 135, 'MTgtMDUtMDkgMDE6MzI6MjQxLmpwZw==.jpg', 'MTgtMDUtMDkgMDE6MzI6MjcxMS5qcGc=.jpg,MTgtMDUtMDkgMDE6MzI6MjkyMi5qcGc=.jpg,MTgtMDUtMDkgMDE6MzI6MzEzMy5qcGc=.jpg,MTgtMDUtMDkgMDE6MzI6MzQ0NC5qcGc=.jpg,MTgtMDUtMDkgMDE6MzI6MzY1NS5qcGc=.jpg,MTgtMDUtMDkgMDE6MzI6Mzg2Ni5qcGc=.jpg,MTgtMDUtMDkgMDE6MzI6NDE3Ny5qcGc=.jpg', '大王维E系列环贴式婴幼儿纸尿裤M84片,6-11kg,84,M,中国', 0, 0, 24),
(73, '大王维E系列环贴式婴幼儿纸尿裤S92片', 120, 'MTgtMDUtMDkgMDE6MzU6NTRhMS5qcGc=.jpg', 'MTgtMDUtMDkgMDE6MzU6NTZhMTEuanBn.jpg,MTgtMDUtMDkgMDE6MzU6NThhMjIuanBn.jpg,MTgtMDUtMDkgMDE6MzY6MDBhMzMuanBn.jpg,MTgtMDUtMDkgMDE6MzY6MDJhNDQuanBn.jpg,MTgtMDUtMDkgMDE6MzY6MDRhNTUuanBn.jpg,MTgtMDUtMDkgMDE6MzY6MDZhNjYuanBn.jpg', '大王维E系列环贴式婴幼儿纸尿裤S92片,4-8kg,92,S,中国', 0, 0, 24),
(74, '大王 婴幼儿用 短裤式纸尿裤 天使系列XL28片', 158, 'MTgtMDUtMDkgMDE6Mzc6NTNiMS5qcGc=.jpg', 'MTgtMDUtMDkgMDE6Mzc6NTZiMTEuanBn.jpg,MTgtMDUtMDkgMDE6Mzc6NThiMjIuanBn.jpg,MTgtMDUtMDkgMDE6Mzc6NTliMzMuanBn.jpg,MTgtMDUtMDkgMDE6Mzg6MDJiNDQuanBn.jpg,MTgtMDUtMDkgMDE6Mzg6MDViNTUuanBn.jpg', '大王 婴幼儿用 短裤式纸尿裤 天使系列XL28片,12-17kg,28,XL,中国', 0, 0, 24),
(75, '大王维E系列环贴式婴幼儿纸尿裤NB102片', 120, 'MTgtMDUtMDkgMDE6NDA6MzNjMS5qcGc=.jpg', 'MTgtMDUtMDkgMDE6NDA6MzRjMTEuanBn.jpg,MTgtMDUtMDkgMDE6NDA6MzZjMjIuanBn.jpg,MTgtMDUtMDkgMDE6NDA6MzdjMzMuanBn.jpg,MTgtMDUtMDkgMDE6NDA6MzljNDQuanBn.jpg,MTgtMDUtMDkgMDE6NDA6NDFjNTUuanBn.jpg,MTgtMDUtMDkgMDE6NDA6NDRjNjYuanBn.jpg,MTgtMDUtMDkgMDE6NDA6NDZjNzcuanBn.jpg', '大王维E系列环贴式婴幼儿纸尿裤NB102片,初生-5kg,102,NB,中国', 0, 0, 24),
(76, '大王短裤式纸尿裤女XL50片', 135, 'MTgtMDUtMDkgMDE6NDY6MzVkMS5qcGc=.jpg', 'MTgtMDUtMDkgMDE6NDY6MzhkMTEuanBn.jpg,MTgtMDUtMDkgMDE6NDY6NDFkMjIuanBn.jpg,MTgtMDUtMDkgMDE6NDY6NDNkMzMuanBn.jpg,MTgtMDUtMDkgMDE6NDY6NDVkNDQuanBn.jpg', '大王短裤式纸尿裤女XL50片,12-17kg,50,XL,中国', 0, 0, 24),
(77, '大王短裤式纸尿裤男XXL34片', 135, 'MTgtMDUtMDkgMDE6NDk6MDVlMS5qcGc=.jpg', 'MTgtMDUtMDkgMDE6NDk6MDdlMTEuanBn.jpg', '大王短裤式纸尿裤男XXL34片,13-25kg,34,XXL,中国', 0, 0, 24),
(78, '大王环贴式维E系列纸尿裤XXL32片', 129, 'MTgtMDUtMDkgMDE6NTE6MzFmMS5qcGc=.jpg', 'MTgtMDUtMDkgMDE6NTE6MzNmMTEuanBn.jpg,MTgtMDUtMDkgMDE6NTE6MzZmMjIuanBn.jpg,MTgtMDUtMDkgMDE6NTE6MzhmMzMuanBn.jpg,MTgtMDUtMDkgMDE6NTE6NDBmNDQuanBn.jpg,MTgtMDUtMDkgMDE6NTE6NDJmNTUuanBn.jpg,MTgtMDUtMDkgMDE6NTE6NDVmNjYuanBn.jpg,MTgtMDUtMDkgMDE6NTE6NDdmNzcuanBn.jpg', '大王环贴式维E系列纸尿裤XXL32片,13-25kg,32片,XXL,中国', 0, 0, 24),
(79, '大王环贴式纸尿裤 甜睡系列 XL24片', 105, 'MTgtMDUtMDkgMDE6NTM6NTkxLmpwZw==.jpg', 'MTgtMDUtMDkgMDE6NTQ6MDExMS5qcGc=.jpg,MTgtMDUtMDkgMDE6NTQ6MDMyMi5qcGc=.jpg', '大王环贴式纸尿裤 甜睡系列 XL24片,12-17kg,24,XL,中国', 0, 0, 24),
(80, '大王环贴式纸尿裤 甜睡系列 L30片', 125, 'MTgtMDUtMDkgMDE6NTU6MjFhMS5qcGc=.jpg', 'MTgtMDUtMDkgMDE6NTU6MjNhMTEuanBn.jpg', '大王环贴式纸尿裤 甜睡系列 L30片,9-14kg,30,L,中国', 0, 0, 24),
(81, '丽贝乐婴儿纸尿裤大包装S68片', 98, 'MTgtMDUtMDkgMDI6MDE6NDZiMS5qcGc=.jpg,MTgtMDUtMDkgMDI6MDE6NDhiMi5qcGc=.jpg,MTgtMDUtMDkgMDI6MDE6NTBiMy5qcGc=.jpg', 'MTgtMDUtMDkgMDI6MDE6NTNiMTEuanBn.jpg,MTgtMDUtMDkgMDI6MDE6NTZiMjIuanBn.jpg,MTgtMDUtMDkgMDI6MDE6NThiMzMuanBn.jpg,MTgtMDUtMDkgMDI6MDI6MDFiNDQuanBn.jpg,MTgtMDUtMDkgMDI6MDM6MTliNTUuanBn.jpg,MTgtMDUtMDkgMDI6MDM6MjJiNjYuanBn.jpg,MTgtMDUtMDkgMDI6MDM6MjRiNzcuanBn.jpg,MTgtMDUtMDkgMDI6MDM6MjZiODguanBn.jpg', '丽贝乐婴儿纸尿裤大包装S68片,5-9kg,68,S,瑞典', 0, 0, 24),
(82, '丽贝乐婴儿纸尿裤大包装NB+88片', 98, 'MTgtMDUtMDkgMDI6MDU6NTZjMS5qcGc=.jpg,MTgtMDUtMDkgMDI6MDU6NThjMi5qcGc=.jpg', 'MTgtMDUtMDkgMDI6MDY6MDBjMTEuanBn.jpg,MTgtMDUtMDkgMDI6MDY6MDJjMjIuanBn.jpg,MTgtMDUtMDkgMDI6MDY6MDRjMzMuanBn.jpg,MTgtMDUtMDkgMDI6MDY6MDdjNDQuanBn.jpg', '丽贝乐婴儿纸尿裤大包装NB+88片,3-6kg,88片,NB,瑞典', 0, 0, 24),
(83, '丽贝乐活力裤XL40片', 124, 'MTgtMDUtMDkgMDI6MTQ6MTJkMS5qcGc=.jpg,MTgtMDUtMDkgMDI6MTQ6MTRkMi5qcGc=.jpg', 'MTgtMDUtMDkgMDI6MTQ6MTZkMTEuanBn.jpg,MTgtMDUtMDkgMDI6MTQ6MThkMjIuanBn.jpg,MTgtMDUtMDkgMDI6MTQ6MjBkMzMuanBn.jpg,MTgtMDUtMDkgMDI6MTQ6MjJkNDQuanBn.jpg,MTgtMDUtMDkgMDI6MTQ6MjRkNTUuanBn.jpg,MTgtMDUtMDkgMDI6MTQ6MjdkNjYuanBn.jpg,MTgtMDUtMDkgMDI6MTQ6MjlkNzcuanBn.jpg', '丽贝乐活力裤XL40片,13-20kg,40片,XL,瑞典', 0, 0, 24),
(84, '丽贝乐活力裤XXL36片', 124, 'MTgtMDUtMDkgMDI6MTg6NDVhLmpwZw==.jpg', 'MTgtMDUtMDkgMDI6MTk6NDgxLmpwZw==.jpg,MTgtMDUtMDkgMDI6MTk6NTA0LmpwZw==.jpg', '丽贝乐活力裤XXL36片,16-26kg,36片,XXL,瑞典', 0, 0, 24),
(85, '丽贝乐活力裤L42片', 114, 'MTgtMDUtMDkgMDI6MjI6MjExLmpwZw==.jpg,MTgtMDUtMDkgMDI6MjI6MjMyLmpwZw==.jpg', 'MTgtMDUtMDkgMDI6MjI6MjUxMS5qcGc=.jpg,MTgtMDUtMDkgMDI6MjI6MjYyMi5qcGc=.jpg,MTgtMDUtMDkgMDI6MjI6MjgzMy5qcGc=.jpg', '丽贝乐活力裤L42片,9-14kg,42片,L,瑞典', 0, 0, 24),
(86, '丽贝乐婴儿纸尿裤大包装M60片', 98, 'MTgtMDUtMDkgMDI6MjQ6NTdhMS5qcGc=.jpg', 'MTgtMDUtMDkgMDI6MjQ6NTlhMTEuanBn.jpg,MTgtMDUtMDkgMDI6MjU6MDFhMjIuanBn.jpg,MTgtMDUtMDkgMDI6MjU6MDNhMzMuanBn.jpg,MTgtMDUtMDkgMDI6MjU6MDVhNDQuanBn.jpg', '丽贝乐婴儿纸尿裤大包装M60片,7-11kg,60片,M,瑞典', 0, 0, 24),
(87, '丽贝乐婴儿纸尿裤大包装L56片', 122, 'MTgtMDUtMDkgMDI6Mjc6MTliMS5qcGc=.jpg,MTgtMDUtMDkgMDI6Mjc6MjFiMi5qcGc=.jpg', 'MTgtMDUtMDkgMDI6Mjc6MjNiMTEuanBn.jpg,MTgtMDUtMDkgMDI6Mjc6MjViMjIuanBn.jpg,MTgtMDUtMDkgMDI6Mjc6MjdiMzMuanBn.jpg', '丽贝乐婴儿纸尿裤大包装L56片,10-14kg,56片,L,瑞典', 0, 0, 24),
(88, '丽贝乐婴儿纸尿裤大包装XL52片', 128, 'MTgtMDUtMDkgMDI6MzA6MDhjMS5qcGc=.jpg,MTgtMDUtMDkgMDI6MzA6MTBjMi5qcGc=.jpg', 'MTgtMDUtMDkgMDI6MzA6MTJjMTEuanBn.jpg,MTgtMDUtMDkgMDI6MzA6MTRjMjIuanBn.jpg,MTgtMDUtMDkgMDI6MzA6MTZjMzMuanBn.jpg', '丽贝乐婴儿纸尿裤大包装XL52片,12-22kg,52片,XL,瑞典', 0, 0, 24),
(89, '丽贝乐婴儿纸尿裤超大包装L80片', 158, 'MTgtMDUtMDkgMDI6MzY6MDRkMS5qcGc=.jpg', 'MTgtMDUtMDkgMDI6MzY6MDdkMTEuanBn.jpg,MTgtMDUtMDkgMDI6MzY6MTFkMjIuanBn.jpg', '丽贝乐婴儿纸尿裤超大包装L80片,9-14kg,80片,L,瑞典', 1, 0, 24),
(90, '丽贝乐婴儿纸尿裤超大包装M84片', 129, 'MTgtMDUtMDkgMDI6Mzg6MzhzMS5qcGc=.jpg,MTgtMDUtMDkgMDI6Mzg6NDBzMi5qcGc=.jpg', 'MTgtMDUtMDkgMDI6Mzg6NDJzMTEuanBn.jpg,MTgtMDUtMDkgMDI6Mzg6NDRzMjIuanBn.jpg', '丽贝乐婴儿纸尿裤超大包装M84片,7-11kg,84片,M,瑞典', 1, 0, 24),
(91, '丽贝乐婴儿纸尿裤超大包装XL72片', 164, 'MTgtMDUtMDkgMDI6NDA6NDBmMS5qcGc=.jpg', 'MTgtMDUtMDkgMDI6NDA6NDRmMTEuanBn.jpg,MTgtMDUtMDkgMDI6NDA6NDdmMjIuanBn.jpg', '丽贝乐婴儿纸尿裤超大包装XL72片,12-22kg,72片,XL,瑞典', 1, 0, 24),
(92, '贝丽欧全效呵护婴幼儿便携装纸尿裤S26片（4-8kg）', 59, 'MTgtMDUtMDkgMDI6NDU6MjAxLmpwZw==.jpg', 'MTgtMDUtMDkgMDI6NDU6MjIxMS5qcGc=.jpg,MTgtMDUtMDkgMDI6NDU6MjQyMi5qcGc=.jpg,MTgtMDUtMDkgMDI6NDU6MjYzMy5qcGc=.jpg', '贝丽欧全效呵护婴幼儿便携装纸尿裤S26片（4-8kg）,4-8kg,26片,S,希腊', 0, 0, 24),
(93, '贝丽欧全效呵护婴幼儿便携装纸尿裤NB28片（0-5kg）', 59, 'MTgtMDUtMDkgMDI6NTA6MTExLmpwZw==.jpg', 'MTgtMDUtMDkgMDI6NTA6MTMyLmpwZw==.jpg', '贝丽欧全效呵护婴幼儿便携装纸尿裤NB28片（0-5kg）,0-5kg,28片,NB,希腊', 0, 0, 24),
(94, '贝丽欧全效呵护婴幼儿超值装纸尿裤L50片（9-14kg）', 89, 'MTgtMDUtMDkgMDI6NTI6MzYxMS5qcGc=.jpg', 'MTgtMDUtMDkgMDI6NTI6MzgyLmpwZw==.jpg', '贝丽欧全效呵护婴幼儿超值装纸尿裤L50片（9-14kg）,9-14kg,50片,L,希腊', 0, 0, 24),
(95, '贝丽欧全效呵护婴幼儿超值装纸尿裤M56片（6-11kg）', 89, 'MTgtMDUtMDkgMDI6NTQ6MDkyMi5qcGc=.jpg', 'MTgtMDUtMDkgMDI6NTQ6MTMzMy5qcGc=.jpg,MTgtMDUtMDkgMDI6NTQ6MTU0NC5qcGc=.jpg,MTgtMDUtMDkgMDI6NTQ6MTc1NS5qcGc=.jpg,MTgtMDUtMDkgMDI6NTQ6MTk2Ni5qcGc=.jpg', '贝丽欧全效呵护婴幼儿超值装纸尿裤M56片（6-11kg）,6-11kg,56片,M,希腊', 0, 0, 24),
(96, '三洋婴儿卫生棉430片（经济装）', 118, 'MTgtMDUtMDkgMDM6MDg6NDBzMS5qcGc=.jpg', 'MTgtMDUtMDkgMDM6MDg6NDJzMTEuanBn.jpg,MTgtMDUtMDkgMDM6MDg6NDRzMjIuanBn.jpg,MTgtMDUtMDkgMDM6MDg6NDZzMzMuanBn.jpg,MTgtMDUtMDkgMDM6MDg6NDlzNDQuanBn.jpg', '三洋婴儿卫生棉430片（经济装）,0-36个月,430片,/,中国', 0, 0, 24),
(97, '三洋婴儿卫生棉80片（便携装）', 28, 'MTgtMDUtMDkgMDM6MTE6MzZhMS5qcGc=.jpg', 'MTgtMDUtMDkgMDM6MTE6MzhhMTEuanBn.jpg,MTgtMDUtMDkgMDM6MTE6NDBhMjIuanBn.jpg,MTgtMDUtMDkgMDM6MTE6NDNhMzMuanBn.jpg,MTgtMDUtMDkgMDM6MTE6NDZhNDQuanBn.jpg', '三洋婴儿卫生棉80片（便携装）,0-36个月,80片,/,中国', 0, 0, 24),
(98, '贝亲婴儿柔湿巾80片装', 14, 'MTgtMDUtMDkgMDM6MTU6MzViMS5qcGc=.jpg', 'MTgtMDUtMDkgMDM6MTU6MzdiMTEuanBn.jpg,MTgtMDUtMDkgMDM6MTU6NDBiMjIuanBn.jpg,MTgtMDUtMDkgMDM6MTU6NDJiMzMuanBn.jpg,MTgtMDUtMDkgMDM6MTU6NDViNDQuanBn.jpg,MTgtMDUtMDkgMDM6MTU6NDhiNTUuanBn.jpg', '贝亲婴儿柔湿巾80片装,不限,80片,/,中国', 0, 0, 24),
(99, 'nuby努比婴儿干湿两用纯棉片（100片）', 18.2, 'MTgtMDUtMDkgMDM6MTg6MDIxLmpwZw==.jpg', 'MTgtMDUtMDkgMDM6MTg6MDMxMS5qcGc=.jpg,MTgtMDUtMDkgMDM6MTg6MDUyMi5qcGc=.jpg,MTgtMDUtMDkgMDM6MTg6MDczMy5qcGc=.jpg,MTgtMDUtMDkgMDM6MTg6MDk0NC5qcGc=.jpg,MTgtMDUtMDkgMDM6MTg6MTE1NS5qcGc=.jpg', 'nuby努比婴儿干湿两用纯棉片（100片）,不限,100片,/,中国', 0, 0, 24),
(100, '小白猫 柔护清洁湿巾 80片/包', 29.9, 'MTgtMDUtMDkgMDM6MjA6MTRhMS5qcGc=.jpg', 'MTgtMDUtMDkgMDM6MjA6MTZhMTEuanBn.jpg,MTgtMDUtMDkgMDM6MjA6MThhMjIuanBn.jpg,MTgtMDUtMDkgMDM6MjA6MjBhMzMuanBn.jpg,MTgtMDUtMDkgMDM6MjA6MjNhNDQuanBn.jpg,MTgtMDUtMDkgMDM6MjA6MjVhNTUuanBn.jpg', '小白猫 柔护清洁湿巾 80片/包,不限,80片,/,中国', 0, 0, 24),
(101, '小白猫 柔护清洁湿巾 25片/包', 12.5, 'MTgtMDUtMDkgMDM6MjI6MDNiMS5qcGc=.jpg', 'MTgtMDUtMDkgMDM6MjI6MDZiMTEuanBn.jpg,MTgtMDUtMDkgMDM6MjI6MDdiMjIuanBn.jpg,MTgtMDUtMDkgMDM6MjI6MDliMzMuanBn.jpg', '小白猫 柔护清洁湿巾 25片/包,不限,25片,/,中国', 0, 0, 24),
(102, '啾啾chuchu PP臀部湿巾60枚', 15, 'MTgtMDUtMDkgMDM6MjU6NTNjMTEuanBn.jpg,MTgtMDUtMDkgMDM6MjU6NTVjMjIuanBn.jpg', 'MTgtMDUtMDkgMDM6MjU6NTljMS5qcGc=.jpg,MTgtMDUtMDkgMDM6MjY6MDJjMi5qcGc=.jpg,MTgtMDUtMDkgMDM6MjY6MDVjMy5qcGc=.jpg,MTgtMDUtMDkgMDM6MjY6MDhjNC5qcGc=.jpg', '啾啾chuchu PP臀部湿巾60枚,不限,60片,/,日本', 1, 0, 24),
(103, '贝亲婴儿洗发精200ml', 25, 'MTgtMDUtMDkgMDM6Mzc6MTJkMS5qcGc=.jpg', 'MTgtMDUtMDkgMDM6Mzc6MTVkMTEuanBn.jpg', '贝亲婴儿洗发精200ml,0-36个月,200ml,中国', 0, 0, 25),
(104, '贝亲婴儿洗发精500ml', 46.2, 'MTgtMDUtMDkgMDM6NDA6MDJlMS5qcGc=.jpg,MTgtMDUtMDkgMDM6NDA6MDRlMi5qcGc=.jpg', 'MTgtMDUtMDkgMDM6NDA6MDZlMTEuanBn.jpg', '贝亲婴儿洗发精500ml,0-36个月,500ml,中国', 0, 0, 25),
(105, '贝亲婴儿沐浴露500ml', 46.2, 'MTgtMDUtMDkgMDM6NDQ6MDAxLmpwZw==.jpg,MTgtMDUtMDkgMDM6NDQ6MDUyLmpwZw==.jpg', 'MTgtMDUtMDkgMDM6NDQ6MDcxMS5qcGc=.jpg,MTgtMDUtMDkgMDM6NDQ6MDkyMi5qcGc=.jpg,MTgtMDUtMDkgMDM6NDQ6MTEzMy5qcGc=.jpg,MTgtMDUtMDkgMDM6NDQ6MTM0NC5qcGc=.jpg,MTgtMDUtMDkgMDM6NDQ6MTU1NS5qcGc=.jpg', '贝亲婴儿沐浴露500ml,0-36个月,500ml,中国', 0, 0, 25),
(106, '哈罗闪儿童二合一洗发沐浴露（覆盆子香型）200ml', 59, 'MTgtMDUtMDkgMDM6NDk6MTVhMS5qcGc=.jpg,MTgtMDUtMDkgMDM6NDk6MThhMi5qcGc=.jpg,MTgtMDUtMDkgMDM6NDk6MjBhMy5qcGc=.jpg', 'MTgtMDUtMDkgMDM6NDk6MjNhNC5qcGc=.jpg,MTgtMDUtMDkgMDM6NDk6MjVhNS5qcGc=.jpg,MTgtMDUtMDkgMDM6NDk6MzBhNi5qcGc=.jpg,MTgtMDUtMDkgMDM6NDk6MzNhNy5qcGc=.jpg,MTgtMDUtMDkgMDM6NDk6MzVhOC5qcGc=.jpg,MTgtMDUtMDkgMDM6NDk6MzdhOS5qcGc=.jpg,MTgtMDUtMDkgMDM6NDk6NDBhMTAuanBn.jpg', '哈罗闪儿童二合一洗发沐浴露（覆盆子香型）200ml,/,200ml,德国', 0, 0, 25),
(107, '哈罗闪儿童二合一洗发沐浴露（香蕉香型）200ml', 59, 'MTgtMDUtMDkgMDM6NTg6MDFiMS5qcGc=.jpg,MTgtMDUtMDkgMDM6NTg6MDJiMi5qcGc=.jpg,MTgtMDUtMDkgMDM6NTg6MDViMy5qcGc=.jpg', 'MTgtMDUtMDkgMDM6NTg6MDdiMTEuanBn.jpg,MTgtMDUtMDkgMDM6NTg6MDliMjIuanBn.jpg,MTgtMDUtMDkgMDM6NTg6MTNiMzMuanBn.jpg,MTgtMDUtMDkgMDM6NTg6MTViNDQuanBn.jpg,MTgtMDUtMDkgMDM6NTg6MTdiNTUuanBn.jpg,MTgtMDUtMDkgMDM6NTg6MjBiNjYuanBn.jpg,MTgtMDUtMDkgMDM6NTg6MjJiNzcuanBn.jpg', '哈罗闪儿童二合一洗发沐浴露（香蕉香型）200ml,/,200ml,德国', 0, 0, 25),
(108, '哈罗闪 婴儿洁肤皂100g', 33, 'MTgtMDUtMDkgMDQ6MDA6MjRjMS5qcGc=.jpg', 'MTgtMDUtMDkgMDQ6MDA6MzBjMTEuanBn.jpg,MTgtMDUtMDkgMDQ6MDA6MzJjMjIuanBn.jpg,MTgtMDUtMDkgMDQ6MDA6MzVjMzMuanBn.jpg,MTgtMDUtMDkgMDQ6MDA6MzhjNDQuanBn.jpg,MTgtMDUtMDkgMDQ6MDA6NDBjNTUuanBn.jpg', '哈罗闪 婴儿洁肤皂100g,0-36个月,100g,德国', 0, 0, 25),
(109, '飞利浦新安怡婴儿二合一洗发沐浴露200ml', 72, 'MTgtMDUtMDkgMDQ6MDI6MzF2MS5qcGc=.jpg,MTgtMDUtMDkgMDQ6MDI6MzN2Mi5qcGc=.jpg,MTgtMDUtMDkgMDQ6MDI6MzV2My5qcGc=.jpg,MTgtMDUtMDkgMDQ6MDI6Mzd2NC5qcGc=.jpg', 'MTgtMDUtMDkgMDQ6MDI6NDB2MTEuanBn.jpg', '飞利浦新安怡婴儿二合一洗发沐浴露200ml,0-36个月,200ml,中国', 1, 1, 25),
(110, '飞利浦新安怡婴儿二合一洗发沐浴露400ml', 99, 'MTgtMDUtMDkgMDQ6MDQ6MTB6MS5qcGc=.jpg,MTgtMDUtMDkgMDQ6MDQ6MTJ6Mi5qcGc=.jpg', 'MTgtMDUtMDkgMDQ6MDQ6MTR6MTEuanBn.jpg', '飞利浦新安怡婴儿二合一洗发沐浴露400ml,0-36个月,400ml,中国', 0, 0, 25),
(111, '飞利浦新安怡新生宝宝洗发露200毫升', 29, 'MTgtMDUtMDkgMDQ6MDU6NDMxMTExLmpwZw==.jpg', 'MTgtMDUtMDkgMDQ6MDU6NDUyMjIyLmpwZw==.jpg,MTgtMDUtMDkgMDQ6MDU6NDczMzMzLmpwZw==.jpg,MTgtMDUtMDkgMDQ6MDU6NTA0NDQ0LmpwZw==.jpg,MTgtMDUtMDkgMDQ6MDU6NTI1NTU1LmpwZw==.jpg', '飞利浦新安怡新生宝宝洗发露200毫升,新生宝宝,200ml,中国', 0, 0, 25),
(112, '小白猫 柔护洗手泡沫 400ml/瓶', 39.9, 'MTgtMDUtMDkgMDQ6MDk6NDAxLmpwZw==.jpg,MTgtMDUtMDkgMDQ6MDk6NDIyLmpwZw==.jpg', 'MTgtMDUtMDkgMDQ6MDk6NDUxMS5qcGc=.jpg,MTgtMDUtMDkgMDQ6MDk6NDcyMi5qcGc=.jpg,MTgtMDUtMDkgMDQ6MDk6NTAzMy5qcGc=.jpg,MTgtMDUtMDkgMDQ6MDk6NTI0NC5qcGc=.jpg,MTgtMDUtMDkgMDQ6MDk6NTM1NS5qcGc=.jpg', '小白猫 柔护洗手泡沫 400ml/瓶,不限,400ml,中国', 0, 1, 25),
(113, '菲丽洁 儿童泡泡洗手液 180ml', 29.9, 'MTgtMDUtMDkgMDQ6MTE6MDJhMS5qcGc=.jpg', 'MTgtMDUtMDkgMDQ6MTE6MDRhMS5qcGc=.jpg', '菲丽洁 儿童泡泡洗手液 180ml,不限,180ml,中国', 0, 0, 25),
(114, '诺必行 婴宝幼儿特护膏 20g （缓解 湿疹 奶藓）', 38, 'MTgtMDUtMDkgMDQ6MTI6MjliMS5qcGc=.jpg,MTgtMDUtMDkgMDQ6MTI6MzBiMi5qcGc=.jpg,MTgtMDUtMDkgMDQ6MTI6MzNiMy5qcGc=.jpg', 'MTgtMDUtMDkgMDQ6MTI6MzZiMTEuanBn.jpg', '诺必行 婴宝幼儿特护膏 20g （缓解 湿疹 奶藓）,0-12个月,20g,中国', 0, 1, 25),
(115, '小白熊婴儿花洒浴勺绿橙', 25.8, 'MTgtMDUtMDkgMDQ6MTQ6MTVjMS5qcGc=.jpg', 'MTgtMDUtMDkgMDQ6MTQ6MTdjMTEuanBn.jpg', '小白熊婴儿花洒浴勺绿橙,0-120个月,/,中国', 0, 0, 25),
(116, 'zolitt宝宝婴儿洗脸盆子卡通新生儿童小洗脸盆pp洗屁屁股盆2个装 蓝色+粉色', 39, 'MTgtMDUtMDkgMDQ6MTc6MzNkMS5qcGc=.jpg,MTgtMDUtMDkgMDQ6MTc6MzVkMi5qcGc=.jpg', 'MTgtMDUtMDkgMDQ6MTc6MzdkMTEuanBn.jpg,MTgtMDUtMDkgMDQ6MTc6MzlkMjIuanBn.jpg,MTgtMDUtMDkgMDQ6MTc6NDFkMzMuanBn.jpg,MTgtMDUtMDkgMDQ6MTc6NDNkNDQuanBn.jpg,MTgtMDUtMDkgMDQ6MTc6NDlkNTUuanBn.jpg,MTgtMDUtMDkgMDQ6MTc6NTFkNjYuanBn.jpg,MTgtMDUtMDkgMDQ6MTc6NTRkNzcuanBn.jpg,MTgtMDUtMDkgMDQ6MTc6NTZkODguanBn.jpg,MTgtMDUtMDkgMDQ6MTc6NTlkOTkuanBn.jpg,MTgtMDUtMDkgMDQ6MTg6MDFkOTkxLmpwZw==.jpg,MTgtMDUtMDkgMDQ6MTg6MDVkOTkyLmpwZw==.jpg,MTgtMDUtMDkgMDQ6MTg6MDdkOTkzLmpwZw==.jpg', 'zolitt宝宝婴儿洗脸盆子卡通新生儿童小洗脸盆pp洗屁屁股盆2个装 蓝色+粉色,0-6个月,33*33*10,中国', 0, 1, 25),
(117, '日康 网状沐浴床*粉色', 44.3, 'MTgtMDUtMDkgMDQ6MjA6MzJlMS5qcGc=.jpg', 'MTgtMDUtMDkgMDQ6MjA6MzllMTEuanBn.jpg,MTgtMDUtMDkgMDQ6MjA6NDFlMjIuanBn.jpg,MTgtMDUtMDkgMDQ6MjA6NDRlMzMuanBn.jpg,MTgtMDUtMDkgMDQ6MjA6NDdlNDQuanBn.jpg,MTgtMDUtMDkgMDQ6MjA6NTBlNTUuanBn.jpg,MTgtMDUtMDkgMDQ6MjA6NTJlNjYuanBn.jpg,MTgtMDUtMDkgMDQ6MjA6NTVlNzcuanBn.jpg,MTgtMDUtMDkgMDQ6MjA6NTllODguanBn.jpg', '日康 网状沐浴床*粉色,1-5个月,18.2*57*65cm,中国', 0, 0, 25),
(118, '世纪宝贝（babyhood）儿童卡通狮子刷牙杯 塑料漱口杯 宝宝漱口杯牙刷架多功能杯架 ', 39, 'MTgtMDUtMDkgMDQ6MjM6MTBmMS5qcGc=.jpg,MTgtMDUtMDkgMDQ6MjM6MTJmMi5qcGc=.jpg', 'MTgtMDUtMDkgMDQ6MjM6MTVmMTEuanBn.jpg,MTgtMDUtMDkgMDQ6MjM6MTdmMTIuanBn.jpg,MTgtMDUtMDkgMDQ6MjM6MTlmMTMuanBn.jpg', '世纪宝贝（babyhood）儿童卡通狮子刷牙杯 塑料漱口杯 宝宝漱口杯牙刷架多功能杯架 ,36-72个月水,/,中国', 0, 0, 25),
(119, '世纪宝贝（babyhood）儿童卡通斑马刷牙杯 塑料漱口杯 宝宝漱口杯牙刷架多功能杯架', 39, 'MTgtMDUtMDkgMDQ6MjY6NDlnMS5qcGc=.jpg,MTgtMDUtMDkgMDQ6MjY6NTFnMi5qcGc=.jpg', 'MTgtMDUtMDkgMDQ6MjY6NTRnMTEuanBn.jpg,MTgtMDUtMDkgMDQ6MjY6NTZnMjIuanBn.jpg,MTgtMDUtMDkgMDQ6Mjc6MDBnMzMuanBn.jpg', '世纪宝贝（babyhood）儿童卡通斑马刷牙杯 塑料漱口杯 宝宝漱口杯牙刷架多功能杯架,36-72个月,卡通斑马刷牙杯,中国', 0, 0, 25),
(120, '世纪宝贝（babyhood）脸盆 婴儿折叠脸盆宝宝洗脸盆新生儿小脸盆儿童脸盆 玫红色', 39, 'MTgtMDUtMDkgMDQ6Mjk6MzRoLmpwZw==.jpg,MTgtMDUtMDkgMDQ6Mjk6MzVoMS5qcGc=.jpg', 'MTgtMDUtMDkgMDQ6Mjk6MzhoMTEuanBn.jpg', '世纪宝贝（babyhood）脸盆 婴儿折叠脸盆宝宝洗脸盆新生儿小脸盆儿童脸盆 玫红色,新生儿,婴儿折叠脸盆玫红色,中国', 0, 0, 25),
(121, '世纪宝贝（babyhood）脸盆 婴儿折叠脸盆宝宝洗脸盆新生儿小脸盆儿童脸盆 蓝色', 39, 'MTgtMDUtMDkgMDQ6MzA6NDhpMS5qcGc=.jpg,MTgtMDUtMDkgMDQ6MzA6NTFpMi5qcGc=.jpg', 'MTgtMDUtMDkgMDQ6MzA6NTRoMTEuanBn.jpg', '世纪宝贝（babyhood）脸盆 婴儿折叠脸盆宝宝洗脸盆新生儿小脸盆儿童脸盆 蓝色,0-36个月,婴儿折叠脸盆蓝色,中国', 0, 0, 25),
(122, '世纪宝贝（babyhood）脸盆 婴儿折叠脸盆宝宝洗脸盆新生儿小脸盆儿童脸盆 绿色', 39, 'MTgtMDUtMDkgMDQ6MzI6MThqMS5qcGc=.jpg,MTgtMDUtMDkgMDQ6MzI6MjBqMi5qcGc=.jpg', 'MTgtMDUtMDkgMDQ6MzI6MjRoMTEuanBn.jpg', '世纪宝贝（babyhood）脸盆 婴儿折叠脸盆宝宝洗脸盆新生儿小脸盆儿童脸盆 绿色,0-36个月,婴儿折叠脸盆绿色,中国', 0, 0, 25),
(123, '贝亲透明香皂70g*', 18, 'MTgtMDUtMDkgMDQ6MzM6NTNrMS5qcGc=.jpg,MTgtMDUtMDkgMDQ6MzM6NTdrMi5qcGc=.jpg', 'MTgtMDUtMDkgMDQ6MzQ6MDBrMTEuanBn.jpg', '贝亲透明香皂70g*,不限,70g,中国', 0, 0, 25),
(124, 'Weleda/维蕾德 金盏花有机香皂 100g', 69, 'MTgtMDUtMDkgMDQ6MzY6MjhsMS5qcGc=.jpg', 'MTgtMDUtMDkgMDQ6MzY6MzFsMTEuanBn.jpg,MTgtMDUtMDkgMDQ6MzY6MzNsMjIuanBn.jpg,MTgtMDUtMDkgMDQ6MzY6MzZsMzMuanBn.jpg,MTgtMDUtMDkgMDQ6MzY6MzlsNDQuanBn.jpg,MTgtMDUtMDkgMDQ6MzY6NDJsNTUuanBn.jpg,MTgtMDUtMDkgMDQ6MzY6NDVsNjYuanBn.jpg', 'Weleda/维蕾德 金盏花有机香皂 100g,0-36个月,100g,德国', 0, 0, 25),
(125, '菲丽洁 茶树油植物香皂 100g', 19.9, 'MTgtMDUtMDkgMDQ6Mzc6MzJtMS5qcGc=.jpg', 'MTgtMDUtMDkgMDQ6Mzc6MzRtMS5qcGc=.jpg', '菲丽洁 茶树油植物香皂 100g,不限,100g,中国', 0, 0, 25),
(126, '米菲卡通透明皂（颜色随机）', 18.2, 'MTgtMDUtMDkgMDQ6Mzk6NDJuMS5qcGc=.jpg,MTgtMDUtMDkgMDQ6Mzk6NDRuMi5qcGc=.jpg', 'MTgtMDUtMDkgMDQ6Mzk6NDhuMTEuanBn.jpg,MTgtMDUtMDkgMDQ6Mzk6NTBuMjIuanBn.jpg,MTgtMDUtMDkgMDQ6Mzk6NTNuMzMuanBn.jpg', '米菲卡通透明皂（颜色随机）,0-12个月,默认,中国', 0, 0, 25),
(127, 'GOAT SOAP山羊奶皂（原味100克/块）', 19, 'MTgtMDUtMDkgMDQ6NDE6MjAwMC5qcGc=.jpg', 'MTgtMDUtMDkgMDQ6NDE6MjNvMS5qcGc=.jpg,MTgtMDUtMDkgMDQ6NDE6MjUwLmpwZw==.jpg', 'GOAT SOAP山羊奶皂（原味100克/块）,12个月以上,100g,澳大利亚', 0, 0, 25),
(128, '菲丽洁 菲丽洁羊奶皂 100g', 48, 'MTgtMDUtMDkgMDQ6NDI6MjB6MS5qcGc=.jpg', 'MTgtMDUtMDkgMDQ6NDI6MjN6MS5qcGc=.jpg', '菲丽洁 菲丽洁羊奶皂 100g,不限,100g,中国', 0, 0, 25),
(129, '菲丽洁 宝宝羊奶沐浴乳 260ml', 49.9, 'MTgtMDUtMDkgMDQ6NDQ6NTFhYS5qcGc=.jpg', 'MTgtMDUtMDkgMDQ6NDQ6NTNhYS5qcGc=.jpg', '康贝婴儿泡泡沐浴露500ml,不限,260ml,中国', 0, 0, 25),
(130, '康贝婴儿泡泡沐浴露500ml', 48.3, 'MTgtMDUtMDkgMDQ6NDc6MDZhYWEuanBn.jpg,MTgtMDUtMDkgMDQ6NDc6MDliYmIuanBn.jpg', 'MTgtMDUtMDkgMDQ6NDc6MTJhMS5qcGc=.jpg,MTgtMDUtMDkgMDQ6NDc6MTVhMi5qcGc=.jpg,MTgtMDUtMDkgMDQ6NDc6MTdhMy5qcGc=.jpg', '康贝婴儿泡泡沐浴露500ml,不限,500ml,中国', 0, 0, 25),
(131, '喜多洋甘菊洗发沐浴二合一400ML', 21, 'MTgtMDUtMDkgMDQ6NDg6MzhiMS5qcGc=.jpg', 'MTgtMDUtMDkgMDQ6NDg6NDBiMi5qcGc=.jpg,MTgtMDUtMDkgMDQ6NDg6NDJiMy5qcGc=.jpg,MTgtMDUtMDkgMDQ6NDg6NDViNC5qcGc=.jpg,MTgtMDUtMDkgMDQ6NDg6NDdiNS5qcGc=.jpg', '喜多洋甘菊洗发沐浴二合一400ML,0-36个月,400ml,中国', 0, 0, 25),
(132, '妙思乐贝贝洗发沐浴露 200ml', 68.6, 'MTgtMDUtMDkgMDQ6NTA6MzZjMS5qcGc=.jpg,MTgtMDUtMDkgMDQ6NTA6MzhjMi5qcGc=.jpg,MTgtMDUtMDkgMDQ6NTA6NDBjMy5qcGc=.jpg', 'MTgtMDUtMDkgMDQ6NTA6NDNjMTEuanBn.jpg,MTgtMDUtMDkgMDQ6NTA6NDVjMjIuanBn.jpg,MTgtMDUtMDkgMDQ6NTA6NDdjMzMuanBn.jpg,MTgtMDUtMDkgMDQ6NTA6NDljNDQuanBn.jpg,MTgtMDUtMDkgMDQ6NTA6NTJjNTUuanBn.jpg', '妙思乐贝贝洗发沐浴露 200ml,0-6个月,200ml,法国', 0, 0, 25),
(133, '努比/nuby 婴儿洗发沐浴泡沫二合一', 98, 'MTgtMDUtMDkgMDU6MDE6MDZkMS5qcGc=.jpg,MTgtMDUtMDkgMDU6MDE6MDhkMi5qcGc=.jpg', 'MTgtMDUtMDkgMDU6MDE6MTFkMTEuanBn.jpg,MTgtMDUtMDkgMDU6MDE6MTRkMjIuanBn.jpg,MTgtMDUtMDkgMDU6MDE6MTZkMzMuanBn.jpg,MTgtMDUtMDkgMDU6MDE6MThkZDQ0LmpwZw==.jpg', '努比/nuby 婴儿洗发沐浴泡沫二合一,1-5个月,250ml,中国', 0, 0, 25);
INSERT INTO `good` (`int_id`, `name`, `float_price`, `preview`, `detail`, `property`, `bool_hot`, `bool_recomment`, `int_categoryId`) VALUES
(134, 'CHBABY四轮充气高景观双向避震婴儿推车伞车728A旗舰版（黑色）', 1499, 'MTgtMDUtMDkgMDU6MTQ6NTQxLmpwZw==.jpg,MTgtMDUtMDkgMDU6MTU6MDAxMS5qcGc=.jpg', 'MTgtMDUtMDkgMDU6MTU6MDIxMTEuanBn.jpg', 'CHBABY四轮充气高景观双向避震婴儿推车伞车728A旗舰版（黑色）,0-36个月,男女适用,930*620*1000mm,13kg,25kg', 0, 0, 26),
(135, 'CHBABY四轮充气高景观双向避震婴儿推车伞车728A旗舰版（白色）', 1499, 'MTgtMDUtMDkgMDU6MTc6NTAyLmpwZw==.jpg,MTgtMDUtMDkgMDU6MTc6NTMyMi5qcGc=.jpg', 'MTgtMDUtMDkgMDU6MTc6NTYyMjIuanBn.jpg,MTgtMDUtMDkgMDU6MTc6NTkyMjIyLmpwZw==.jpg', 'CHBABY四轮充气高景观双向避震婴儿推车伞车728A旗舰版（白色）,0-36个月,男女适用,930*620*1000mm,13kg,25kg', 0, 0, 26),
(136, 'CHBABY守护者 高景观充气避震双向婴儿推车伞车725A运动版（红色）', 999, 'MTgtMDUtMDkgMDU6MjA6MzAxLmpwZw==.jpg,MTgtMDUtMDkgMDU6MjA6NDg0LmpwZw==.jpg', 'MTgtMDUtMDkgMDU6MjA6MzY0LmpwZw==.jpg,MTgtMDUtMDkgMDU6MjA6MzgyLmpwZw==.jpg,MTgtMDUtMDkgMDU6MjA6NTEzLmpwZw==.jpg,MTgtMDUtMDkgMDU6MjA6NTM1LmpwZw==.jpg', 'CHBABY守护者 高景观充气避震双向婴儿推车伞车725A运动版（红色）,0-36个月,男女适用,850*670*1060mm,11kg,25kg', 0, 0, 26),
(137, 'CHBABY守护者 高景观充气避震折叠双向婴儿推车伞车725A旗舰版（蓝色）', 1199, 'MTgtMDUtMDkgMDU6Mjk6MjAxLmpwZw==.jpg,MTgtMDUtMDkgMDU6Mjk6MzA0LmpwZw==.jpg', 'MTgtMDUtMDkgMDU6Mjk6MjMyLmpwZw==.jpg,MTgtMDUtMDkgMDU6Mjk6MjUzLmpwZw==.jpg,MTgtMDUtMDkgMDU6Mjk6Mjg1LmpwZw==.jpg', 'CHBABY守护者 高景观充气避震折叠双向婴儿推车伞车725A旗舰版（蓝色）,0-36个月,男女适用,850*670*1060mm,11kg,25kg', 0, 0, 26),
(138, 'CHBABY守护者 高景观充气避震折叠双向婴儿推车伞车725A旗舰版（粉色）', 1199, 'MTgtMDUtMDkgMDU6MzE6MzAxLmpwZw==.jpg,MTgtMDUtMDkgMDU6MzE6Mzc0LmpwZw==.jpg', 'MTgtMDUtMDkgMDU6MzE6MzkyLmpwZw==.jpg,MTgtMDUtMDkgMDU6MzE6NDEzLmpwZw==.jpg,MTgtMDUtMDkgMDU6MzE6NDQ1LmpwZw==.jpg', 'CHBABY守护者 高景观充气避震折叠双向婴儿推车伞车725A旗舰版（粉色）,0-36个月性别,男女适用,850*670*1060mm,11kg,25kg', 0, 0, 26),
(139, 'CHBABY守护者 高景观充气避震双向婴儿推车伞车725A旗舰版（红色）', 1199, 'MTgtMDUtMDkgMDU6MzQ6MjkxLmpwZw==.jpg,MTgtMDUtMDkgMDU6MzQ6MzI1LmpwZw==.jpg', 'MTgtMDUtMDkgMDU6MzQ6MzUyLmpwZw==.jpg,MTgtMDUtMDkgMDU6MzQ6MzczLmpwZw==.jpg,MTgtMDUtMDkgMDU6MzQ6NDA0LmpwZw==.jpg', 'CHBABY守护者 高景观充气避震双向婴儿推车伞车725A旗舰版（红色）,0-36个月,男女适用,850*670*1060mm,11kg,25kg', 0, 0, 26),
(140, 'CHBABY探路者 高景观避震三轮充气婴儿推车伞车919B铝管版（奶牛纹）', 699, 'MTgtMDUtMDkgMDU6Mzc6MDUxLmpwZw==.jpg,MTgtMDUtMDkgMDU6Mzc6MDgyLmpwZw==.jpg', 'MTgtMDUtMDkgMDU6Mzc6MTAzLmpwZw==.jpg,MTgtMDUtMDkgMDU6Mzc6MTM0LmpwZw==.jpg,MTgtMDUtMDkgMDU6Mzc6MTU1LmpwZw==.jpg', 'CHBABY探路者 高景观避震三轮充气婴儿推车伞车919B铝管版（奶牛纹）,0-48个月,男女适用,1235*580*1100mm,11.53kg,25kg', 1, 0, 26),
(141, 'CHBABY高景观避震双向可坐躺婴儿推车725A精英版', 749, 'MTgtMDUtMDkgMDU6Mzg6NTExLmpwZw==.jpg', 'MTgtMDUtMDkgMDU6Mzg6NTMyLmpwZw==.jpg,MTgtMDUtMDkgMDU6Mzg6NTYzLmpwZw==.jpg,MTgtMDUtMDkgMDU6Mzg6NTg0LmpwZw==.jpg,MTgtMDUtMDkgMDU6Mzk6MDA1LmpwZw==.jpg', 'CHBABY高景观避震双向可坐躺婴儿推车725A精英版,0-36个月,男女适用,850*670*1060mm,11kg,25kg', 0, 0, 26),
(142, 'CHBABY守护者 高景观充气避震双向婴儿推车伞车725A运动版', 999, 'MTgtMDUtMDkgMDU6NDA6NTIxLmpwZw==.jpg', 'MTgtMDUtMDkgMDU6NDA6NTQyLmpwZw==.jpg,MTgtMDUtMDkgMDU6NDA6NTYzLmpwZw==.jpg,MTgtMDUtMDkgMDU6NDA6NTg0LmpwZw==.jpg,MTgtMDUtMDkgMDU6NDE6MDE1LmpwZw==.jpg', 'CHBABY守护者 高景观充气避震双向婴儿推车伞车725A运动版,0-36个月,男女适用,850*670*1060mm,11kg,25kg', 0, 0, 26),
(143, '英国Britax宝得适DUALFIX双面骑士360度旋转汽车安全座椅 0-18KG（皇室蓝）', 3879, 'MTgtMDUtMDkgMDU6NDI6NTlhMS5qcGc=.jpg,MTgtMDUtMDkgMDU6NDM6MDFhMi5qcGc=.jpg,MTgtMDUtMDkgMDU6NDM6MDNhMy5qcGc=.jpg', 'MTgtMDUtMDkgMDU6NDM6MDZhMTEuanBn.jpg', '英国Britax宝得适DUALFIX双面骑士360度旋转汽车安全座椅 0-18KG（皇室蓝）,0-48个月,男女适用,/,/,0-18 kg', 0, 0, 26),
(144, '英国Britax宝得适DUALFIX双面骑士360度旋转汽车安全座椅 0-18KG（葡萄紫）', 3879, 'MTgtMDUtMDkgMDU6NDQ6NTVhMS5qcGc=.jpg,MTgtMDUtMDkgMDU6NDQ6NTdhMi5qcGc=.jpg,MTgtMDUtMDkgMDU6NDQ6NTlhMy5qcGc=.jpg', 'MTgtMDUtMDkgMDU6NDU6MDJhMTEuanBn.jpg', '英国Britax宝得适DUALFIX双面骑士360度旋转汽车安全座椅 0-18KG（葡萄紫）,0-48个月,男女适用,/,/,0-18 kg', 0, 0, 26),
(145, '英国Britax宝得适超级百变王安全座椅9个月-12岁*曜石黑', 1980, 'MTgtMDUtMDkgMDU6NDc6MzkxLmpwZw==.jpg,MTgtMDUtMDkgMDU6NDc6NDEyLmpwZw==.jpg,MTgtMDUtMDkgMDU6NDc6NDMzLmpwZw==.jpg,MTgtMDUtMDkgMDU6NDc6NDU0LmpwZw==.jpg,MTgtMDUtMDkgMDU6NDc6NDc1LmpwZw==.jpg', 'MTgtMDUtMDkgMDU6NDc6NTFhMS5qcGc=.jpg,MTgtMDUtMDkgMDU6NDc6NTNhMi5qcGc=.jpg,MTgtMDUtMDkgMDU6NDc6NTVhMy5qcGc=.jpg,MTgtMDUtMDkgMDU6NDc6NThhMTEuanBn.jpg,MTgtMDUtMDkgMDU6NDg6MDFhMjIuanBn.jpg,MTgtMDUtMDkgMDU6NDg6MDNhMzMuanBn.jpg', '英国Britax宝得适超级百变王安全座椅9个月-12岁*曜石黑,9-144个月,男女适用,/,/,9-36kg', 0, 1, 26),
(146, '英国Britax宝得适超级百变王安全座椅9个月-12岁*小斑马', 1980, 'MTgtMDUtMDkgMDU6NDk6MjAxLmpwZw==.jpg,MTgtMDUtMDkgMDU6NDk6MjIyLmpwZw==.jpg,MTgtMDUtMDkgMDU6NDk6MjUzLmpwZw==.jpg,MTgtMDUtMDkgMDU6NDk6Mjg0LmpwZw==.jpg', 'MTgtMDUtMDkgMDU6NDk6MzBhMS5qcGc=.jpg,MTgtMDUtMDkgMDU6NDk6MzJhMi5qcGc=.jpg,MTgtMDUtMDkgMDU6NDk6MzVhMy5qcGc=.jpg,MTgtMDUtMDkgMDU6NDk6MzhhMTEuanBn.jpg,MTgtMDUtMDkgMDU6NDk6NDBhMjIuanBn.jpg,MTgtMDUtMDkgMDU6NDk6NDNhMzMuanBn.jpg', '英国Britax宝得适超级百变王安全座椅9个月-12岁*小斑马,9-144个月,9-144个月,/,/,9-36kg', 0, 0, 26),
(147, '英国Britax宝得适百变骑士安全座椅9个月-12岁*热情红', 2980, 'MTgtMDUtMDkgMDU6NTI6MzMxLmpwZw==.jpg,MTgtMDUtMDkgMDU6NTI6MzUyLmpwZw==.jpg,MTgtMDUtMDkgMDU6NTI6MzczLmpwZw==.jpg,MTgtMDUtMDkgMDU6NTI6Mzk0LmpwZw==.jpg', 'MTgtMDUtMDkgMDU6NTI6NDJhMS5qcGc=.jpg,MTgtMDUtMDkgMDU6NTI6NDRhMi5qcGc=.jpg,MTgtMDUtMDkgMDU6NTI6NDdhMy5qcGc=.jpg,MTgtMDUtMDkgMDU6NTI6NTFhMTEuanBn.jpg', '英国Britax宝得适百变骑士安全座椅9个月-12岁*热情红,9个月-12岁,男女适用,/,/,9-36kg', 0, 0, 26),
(148, '英国Britax宝得适百变骑士安全座椅9个月-12岁*闪耀紫', 2980, 'MTgtMDUtMDkgMDU6NTQ6MTIxLmpwZw==.jpg,MTgtMDUtMDkgMDU6NTQ6MTQyLmpwZw==.jpg,MTgtMDUtMDkgMDU6NTQ6MTczLmpwZw==.jpg,MTgtMDUtMDkgMDU6NTQ6MTk0LmpwZw==.jpg', 'MTgtMDUtMDkgMDU6NTQ6MjJhMS5qcGc=.jpg,MTgtMDUtMDkgMDU6NTQ6MjRhMi5qcGc=.jpg,MTgtMDUtMDkgMDU6NTQ6MjZhMy5qcGc=.jpg,MTgtMDUtMDkgMDU6NTQ6MjlhMTEuanBn.jpg', '英国Britax宝得适百变骑士安全座椅9个月-12岁*闪耀紫,9-144个月,男女适用,/,/,9-36kg', 0, 0, 26),
(149, 'KIWICOOL LJ-A54三合一三轮车*玫红白色', 888, 'MTgtMDUtMDkgMDU6NTg6MTBhLmpwZw==.jpg', 'MTgtMDUtMDkgMDU6NTg6MTJhMS5qcGc=.jpg,MTgtMDUtMDkgMDU6NTg6MTVhMi5qcGc=.jpg,MTgtMDUtMDkgMDU6NTg6MTdhMy5qcGc=.jpg,MTgtMDUtMDkgMDU6NTg6MjVhNC5qcGc=.jpg,MTgtMDUtMDkgMDU6NTg6MjdhNS5qcGc=.jpg', 'KIWICOOL LJ-A54三合一三轮车*玫红白色,0-60个月,男女适用,/,13.1kg,25KG', 0, 1, 26),
(150, 'KIWICOOL LJ-A54三合一三轮车*咖啡色', 888, 'MTgtMDUtMDkgMDU6NTk6MzVhLmpwZw==.jpg', 'MTgtMDUtMDkgMDU6NTk6MzhhMS5qcGc=.jpg,MTgtMDUtMDkgMDU6NTk6NDBhMi5qcGc=.jpg,MTgtMDUtMDkgMDU6NTk6NDNhMy5qcGc=.jpg,MTgtMDUtMDkgMDU6NTk6NDVhNC5qcGc=.jpg,MTgtMDUtMDkgMDU6NTk6NDhhNS5qcGc=.jpg', 'KIWICOOL LJ-A54三合一三轮车*咖啡色,0-60个月,男女适用,/,13.1kg,25KG', 0, 0, 26),
(151, 'KIWICOOL LJ-AS003折叠三轮脚踏车*黑', 228, 'MTgtMDUtMDkgMDY6MDI6MjAzLmpwZw==.jpg', 'MTgtMDUtMDkgMDY6MDI6MjIxMS5qcGc=.jpg,MTgtMDUtMDkgMDY6MDI6MjQyMi5qcGc=.jpg,MTgtMDUtMDkgMDY6MDI6MjczMy5qcGc=.jpg,MTgtMDUtMDkgMDY6MDI6MzA0NC5qcGc=.jpg,MTgtMDUtMDkgMDY6MDI6MzI1NS5qcGc=.jpg', 'KIWICOOL LJ-AS003折叠三轮脚踏车*黑,12-60个月,男女适用,/,3.6kg,25KG', 0, 0, 26),
(152, 'KIWICOOL LJ-AS003折叠三轮脚踏车*橘色', 228, 'MTgtMDUtMDkgMDY6MDQ6MzIxLmpwZw==.jpg', 'MTgtMDUtMDkgMDY6MDQ6MzUxMS5qcGc=.jpg,MTgtMDUtMDkgMDY6MDQ6MzgyMi5qcGc=.jpg,MTgtMDUtMDkgMDY6MDQ6NDAzMy5qcGc=.jpg,MTgtMDUtMDkgMDY6MDQ6NDM0NC5qcGc=.jpg,MTgtMDUtMDkgMDY6MDQ6NDY1NS5qcGc=.jpg', 'KIWICOOL LJ-AS003折叠三轮脚踏车*橘色,12-60个月,男女适用,/,3.6kg,25KG', 0, 0, 26),
(153, 'KIWICOOL LJ-AS003折叠三轮脚踏车*粉', 228, 'MTgtMDUtMDkgMDY6MDY6MDAyLmpwZw==.jpg', 'MTgtMDUtMDkgMDY6MDY6MDMxMS5qcGc=.jpg,MTgtMDUtMDkgMDY6MDY6MDUyMi5qcGc=.jpg,MTgtMDUtMDkgMDY6MDY6MDczMy5qcGc=.jpg,MTgtMDUtMDkgMDY6MDY6MTA0NC5qcGc=.jpg', 'KIWICOOL LJ-AS003折叠三轮脚踏车*粉,12-60个月,男女适用,/,3.6kg,25KG', 0, 0, 26),
(154, 'gb好孩子婴儿学步车 XB109E-J231BG 蓝色', 299, 'MTgtMDUtMDkgMDY6MTQ6NDQxLmpwZw==.jpg,MTgtMDUtMDkgMDY6MTQ6NDYyLmpwZw==.jpg', 'MTgtMDUtMDkgMDY6MTQ6NDkzLmpwZw==.jpg,MTgtMDUtMDkgMDY6MTQ6NTExMS5qcGc=.jpg,MTgtMDUtMDkgMDY6MTU6MTgyMi5qcGc=.jpg', 'gb好孩子婴儿学步车 XB109E-J231BG 蓝色,7-18个月,男女适用,00*610*560MM,4.2KG,12KG', 0, 0, 26),
(155, 'gb好孩子婴儿学步车XB109E-J232RY 红色', 299, 'MTgtMDUtMDkgMDY6MTY6NTExLmpwZw==.jpg,MTgtMDUtMDkgMDY6MTY6NTMyLmpwZw==.jpg', 'MTgtMDUtMDkgMDY6MTY6NTUzLmpwZw==.jpg,MTgtMDUtMDkgMDY6MTY6NTcxMS5qcGc=.jpg,MTgtMDUtMDkgMDY6MTc6MDAyMi5qcGc=.jpg', 'gb好孩子婴儿学步车XB109E-J232RY 红色,7-18个月,男女适用,00*610*560MM,4.2KG,12KG', 0, 0, 26),
(156, 'HENES进口跑车F830儿童电动车*黑色', 7199, 'MTgtMDUtMDkgMDY6Mjg6MjlhYS5qcGc=.jpg', 'MTgtMDUtMDkgMDY6Mjg6MzNiYmIuanBn.jpg,MTgtMDUtMDkgMDY6Mjg6MzViYi5qcGc=.jpg', 'HENES进口跑车F830儿童电动车*黑色,12-60个月,男女适用,600*1233*472,30kg,30KG', 0, 0, 26),
(157, 'HENES进口跑车F830儿童电动车*鹅黄色', 7199, 'MTgtMDUtMDkgMDk6MDQ6MzRhYS5qcGc=.jpg', 'MTgtMDUtMDkgMDk6MDQ6MzliYmIuanBn.jpg,MTgtMDUtMDkgMDk6MDQ6NDFiYi5qcGc=.jpg', 'HENES进口跑车F830儿童电动车*鹅黄色,12-60个月,男女适用,600*1233*472,30kg,30KG', 0, 0, 26),
(158, 'HENES进口跑车F830儿童电动车*白色', 7199, 'MTgtMDUtMDkgMDk6MDU6NTFhYS5qcGc=.jpg', 'MTgtMDUtMDkgMDk6MDU6NTRiYmIuanBn.jpg,MTgtMDUtMDkgMDk6MDU6NTZiYi5qcGc=.jpg', 'HENES进口跑车F830儿童电动车*白色,12-60个月,男女适用,600*1223*472,30Kg,30KG', 0, 0, 26),
(159, 'HENES进口跑车F830儿童电动车*大红色', 7199, 'MTgtMDUtMDkgMDk6MDc6NDFhYS5qcGc=.jpg', 'MTgtMDUtMDkgMDk6MDc6NDViYmIuanBn.jpg,MTgtMDUtMDkgMDk6MDc6NDZiYi5qcGc=.jpg', 'HENES进口跑车F830儿童电动车*大红色,12-60个月,男女适用,600*1233*472,30Kg,30KG', 0, 0, 26),
(160, 'HENES进口跑车F830儿童电动车*玫红色', 7199, 'MTgtMDUtMDkgMDk6MDk6MDJhYS5qcGc=.jpg', 'MTgtMDUtMDkgMDk6MDk6MDZiYmIuanBn.jpg,MTgtMDUtMDkgMDk6MDk6MDhiYi5qcGc=.jpg', 'HENES进口跑车F830儿童电动车*玫红色,12-60个月,女,600*1233*472,30kg,30KG', 0, 0, 26),
(161, 'Naonii 诺尼亚 婴儿推车N50 蓝色', 1388, 'MTgtMDUtMDkgMDk6MTE6MjlhYS5qcGc=.jpg', 'MTgtMDUtMDkgMDk6MTE6MzNiYi5qcGc=.jpg,MTgtMDUtMDkgMDk6MTE6MzViYmIuanBn.jpg,MTgtMDUtMDkgMDk6MTE6MzdiYmJiLmpwZw==.jpg,MTgtMDUtMDkgMDk6MTE6NDBiYmJiYi5qcGc=.jpg', 'Naonii 诺尼亚 婴儿推车N50 蓝色,6个月-3岁,男女适用,1,8.3kg,0-36kg', 0, 0, 26),
(162, 'Naonii 诺尼亚 婴儿推车 N50 紫色', 1388, 'MTgtMDUtMDkgMDk6MTI6NDlhYS5qcGc=.jpg', 'MTgtMDUtMDkgMDk6MTI6NTFiYi5qcGc=.jpg,MTgtMDUtMDkgMDk6MTI6NTNiYmIuanBn.jpg,MTgtMDUtMDkgMDk6MTI6NTViYmJiLmpwZw==.jpg,MTgtMDUtMDkgMDk6MTI6NTdiYmJiYi5qcGc=.jpg', 'Naonii 诺尼亚 婴儿推车 N50 紫色,6个月-3岁,男女适用,1,8.3kg,0-36kg', 0, 0, 26),
(163, '贝之星四轮可坐躺轻便婴儿手推车*蓝灰色', 508, 'MTgtMDUtMDkgMDk6MTY6MDJhYS5qcGc=.jpg,MTgtMDUtMDkgMDk6MTY6MDVhYTEuanBn.jpg,MTgtMDUtMDkgMDk6MTY6MDdhYTIuanBn.jpg', 'MTgtMDUtMDkgMDk6MTY6MDliYi5qcGc=.jpg,MTgtMDUtMDkgMDk6MTY6MTJiYmIuanBn.jpg,MTgtMDUtMDkgMDk6MTY6MTRiYmJiLmpwZw==.jpg,MTgtMDUtMDkgMDk6MTY6MTdiYmJiYi5qcGc=.jpg', '贝之星四轮可坐躺轻便婴儿手推车*蓝灰色,0-36个月,男女适用,800*1100*350,8.9KG,15KG', 0, 0, 26),
(164, '贝之星可换向四轮可坐躺轻便宝宝手推车*大红色', 588, 'MTgtMDUtMDkgMDk6MTg6NTJhYS5qcGc=.jpg,MTgtMDUtMDkgMDk6MTg6NTRhYTEuanBn.jpg', 'MTgtMDUtMDkgMDk6MTg6NTdiYi5qcGc=.jpg,MTgtMDUtMDkgMDk6MTk6MDBiYmIuanBn.jpg,MTgtMDUtMDkgMDk6MTk6MDJiYmJiLmpwZw==.jpg,MTgtMDUtMDkgMDk6MTk6MDRiYmJiYi5qcGc=.jpg', '贝之星可换向四轮可坐躺轻便宝宝手推车*大红色,0-3个月,男女适用,800*1100*350,8.9kg,15kg', 0, 0, 26),
(165, 'COSATTO 卡萨图 supa 超轻可坐可躺婴儿推车 金莺鸟 初生至36个月', 2380, 'MTgtMDUtMDkgMDk6MjI6NDAxLmpwZw==.jpg,MTgtMDUtMDkgMDk6MjI6NDIyLmpwZw==.jpg,MTgtMDUtMDkgMDk6MjI6NDUzLmpwZw==.jpg,MTgtMDUtMDkgMDk6MjI6NDg0LmpwZw==.jpg,MTgtMDUtMDkgMDk6MjI6NTA1LmpwZw==.jpg', 'MTgtMDUtMDkgMDk6MjI6NTMxMS5qcGc=.jpg,MTgtMDUtMDkgMDk6MjI6NTUyMi5qcGc=.jpg,MTgtMDUtMDkgMDk6MjI6NTgzMy5qcGc=.jpg,MTgtMDUtMDkgMDk6MjM6MDE0NC5qcGc=.jpg', 'COSATTO 卡萨图 supa 超轻可坐可躺婴儿推车 金莺鸟 初生至36个月,0-36个月,男,1,9500,15KG以内', 0, 0, 26),
(166, 'COSATTO 卡萨图 supa 超轻可坐可躺婴儿推车 火烈鸟 初生至36个月', 2380, 'MTgtMDUtMDkgMDk6MjQ6NDAxLmpwZw==.jpg,MTgtMDUtMDkgMDk6MjQ6NDIyLmpwZw==.jpg,MTgtMDUtMDkgMDk6MjQ6NDQzLmpwZw==.jpg,MTgtMDUtMDkgMDk6MjQ6NDY0LmpwZw==.jpg,MTgtMDUtMDkgMDk6MjQ6NTA1LmpwZw==.jpg', 'MTgtMDUtMDkgMDk6MjQ6NTMxMS5qcGc=.jpg,MTgtMDUtMDkgMDk6MjQ6NTUyMi5qcGc=.jpg,MTgtMDUtMDkgMDk6MjQ6NTgzMy5qcGc=.jpg,MTgtMDUtMDkgMDk6MjU6MDE0NC5qcGc=.jpg', 'COSATTO 卡萨图 supa 超轻可坐可躺婴儿推车 火烈鸟 初生至36个月,0-36个月,男,1,9500,15KG以内', 0, 0, 26),
(167, 'COSATTO 卡萨图 supa 超轻可坐可躺婴儿推车 蝴蝶结 初生至36个月', 2380, 'MTgtMDUtMDkgMDk6MjY6MjUxLmpwZw==.jpg', 'MTgtMDUtMDkgMDk6MjY6MjkxMS5qcGc=.jpg,MTgtMDUtMDkgMDk6MjY6MzEyMi5qcGc=.jpg,MTgtMDUtMDkgMDk6MjY6MzMzMy5qcGc=.jpg,MTgtMDUtMDkgMDk6MjY6MzY0NC5qcGc=.jpg', 'COSATTO 卡萨图 supa 超轻可坐可躺婴儿推车 蝴蝶结 初生至36个月,0-36个月,男,1,9500,15KG以内', 0, 0, 26),
(168, '澳贝蝴蝶牙胶', 10, 'MTgtMDUtMDkgMDk6MzM6NTgxLmpwZw==.jpg', 'MTgtMDUtMDkgMDk6MzQ6MDAxMS5qcGc=.jpg,MTgtMDUtMDkgMDk6MzQ6MDMyMi5qcGc=.jpg,MTgtMDUtMDkgMDk6MzQ6MDYzMy5qcGc=.jpg,MTgtMDUtMDkgMDk6MzQ6MDg1NS5qcGc=.jpg,MTgtMDUtMDkgMDk6MzQ6MTE0NC5qcGc=.jpg', '澳贝蝴蝶牙胶,3个月以上,塑料,摇铃', 0, 0, 27),
(169, '澳贝小推车转转乐', 13, 'MTgtMDUtMDkgMDk6MzY6NDkxLmpwZw==.jpg', 'MTgtMDUtMDkgMDk6MzY6NTcxMS5qcGc=.jpg,MTgtMDUtMDkgMDk6Mzc6MDAyMi5qcGc=.jpg,MTgtMDUtMDkgMDk6Mzc6MDIzMy5qcGc=.jpg,MTgtMDUtMDkgMDk6Mzc6MDU0NC5qcGc=.jpg,MTgtMDUtMDkgMDk6Mzc6MDk1NS5qcGc=.jpg,MTgtMDUtMDkgMDk6Mzc6MTE2Ni5qcGc=.jpg', '澳贝小推车转转乐,3个月以上,塑料,摇铃', 0, 1, 27),
(170, '澳贝响铃滚滚球', 20, 'MTgtMDUtMDkgMDk6NDA6MDFhMS5qcGc=.jpg', 'MTgtMDUtMDkgMDk6NDA6MDRhMTEuanBn.jpg,MTgtMDUtMDkgMDk6NDA6MDdhMjIuanBn.jpg,MTgtMDUtMDkgMDk6NDA6MTBhMzMuanBn.jpg,MTgtMDUtMDkgMDk6NDA6MTJhNDQuanBn.jpg', '澳贝响铃滚滚球,6个月以上,塑料,运动玩具', 0, 0, 27),
(171, '澳贝快活池塘床铃', 79, 'MTgtMDUtMDkgMDk6NDE6NDliMS5qcGc=.jpg', 'MTgtMDUtMDkgMDk6NDE6NTFiMi5qcGc=.jpg', '澳贝快活池塘床铃,/,塑料,床铃', 0, 0, 27),
(172, '澳贝欢乐小猴床铃463225', 99, 'MTgtMDUtMDkgMDk6NDQ6MjJjMS5qcGc=.jpg,MTgtMDUtMDkgMDk6NDQ6MjVjMi5qcGc=.jpg', 'MTgtMDUtMDkgMDk6NDQ6MjdjMTEuanBn.jpg,MTgtMDUtMDkgMDk6NDQ6MjljMjIuanBn.jpg,MTgtMDUtMDkgMDk6NDQ6MzJjMzMuanBn.jpg', '澳贝欢乐小猴床铃463225,6个月以上,其他,床铃', 0, 0, 27),
(173, '木玩世家彩虹宝塔', 51, 'MTgtMDUtMDkgMDk6NDY6NDVkMS5qcGc=.jpg,MTgtMDUtMDkgMDk6NDY6NDhkMi5qcGc=.jpg', 'MTgtMDUtMDkgMDk6NDY6NTFkMTEuanBn.jpg,MTgtMDUtMDkgMDk6NDY6NTRkMjIuanBn.jpg', '木玩世家彩虹宝塔,6个月以上,其他,益智', 0, 0, 27),
(174, '木玩世家多功能益智拆装大型螺母工具车', 109, 'MTgtMDUtMDkgMDk6NDg6MjdlMS5qcGc=.jpg', 'MTgtMDUtMDkgMDk6NDg6MzFlMTEuanBn.jpg', '木玩世家多功能益智拆装大型螺母工具车,36个月以上,木,积木', 0, 0, 27),
(175, '木玩世家趣味森林串珠', 45, 'MTgtMDUtMDkgMDk6NDk6NDNmMS5qcGc=.jpg', 'MTgtMDUtMDkgMDk6NDk6NDdmMi5qcGc=.jpg', '木玩世家趣味森林串珠,36个月以上,木,串珠', 0, 0, 27),
(176, '木玩世家（全家欢系列）100粒海洋动物积木', 89, 'MTgtMDUtMDkgMDk6NTM6MDgxLmpwZw==.jpg', 'MTgtMDUtMDkgMDk6NTM6MTAxMS5qcGc=.jpg,MTgtMDUtMDkgMDk6NTM6MTQyMi5qcGc=.jpg,MTgtMDUtMDkgMDk6NTM6MjQzMy5qcGc=.jpg,MTgtMDUtMDkgMDk6NTM6Mjc0NC5qcGc=.jpg,MTgtMDUtMDkgMDk6NTM6MzA1NS5qcGc=.jpg', '木玩世家（全家欢系列）100粒海洋动物积木,12-72个月,木,积木', 0, 0, 27),
(177, '趣威文化收银机有声书', 89, 'MTgtMDUtMDkgMDk6NTg6MDNhMS5qcGc=.jpg,MTgtMDUtMDkgMDk6NTg6MDZhMi5qcGc=.jpg', 'MTgtMDUtMDkgMDk6NTg6MDhhMTEuanBn.jpg,MTgtMDUtMDkgMDk6NTg6MTFhMjIuanBn.jpg', '趣威文化收银机有声书,0-72个月,塑料,早教', 0, 0, 27),
(178, '勾勾手 儿童玩具 中英文早教机 单双面22页特色便携点读有声挂图识字卡益智发声玩具', 89, 'MTgtMDUtMDkgMTA6MDA6MTJiMS5qcGc=.jpg,MTgtMDUtMDkgMTA6MDA6MTViMi5qcGc=.jpg', 'MTgtMDUtMDkgMTA6MDA6MThiMTEuanBn.jpg,MTgtMDUtMDkgMTA6MDA6MjBiMjIuanBn.jpg,MTgtMDUtMDkgMTA6MDA6MjNiMzMuanBn.jpg', '勾勾手 儿童玩具 中英文早教机 单双面22页特色便携点读有声挂图识字卡益智发声玩具,12个月以上,其他,发声玩具', 0, 0, 27),
(179, '趣威文化三字经 弟子规 QW0037', 78, 'MTgtMDUtMDkgMTA6MDM6MDhjMS5qcGc=.jpg,MTgtMDUtMDkgMTA6MDM6MTBjMi5qcGc=.jpg,MTgtMDUtMDkgMTA6MDM6MTRjMy5qcGc=.jpg', 'MTgtMDUtMDkgMTA6MDM6MTljMTEuanBn.jpg,MTgtMDUtMDkgMTA6MDM6MjJjMjIuanBn.jpg,MTgtMDUtMDkgMTA6MDM6MjVjMzMuanBn.jpg,MTgtMDUtMDkgMTA6MDM6MjhjNDQuanBn.jpg,MTgtMDUtMDkgMTA6MDM6MzFjNTUuanBn.jpg', '趣威文化三字经 弟子规 QW0037,0-72个月,塑料,益智', 1, 0, 27),
(180, 'B.TOYS形状发声机', 99, 'MTgtMDUtMDkgMTA6MDU6MTFkMS5qcGc=.jpg,MTgtMDUtMDkgMTA6MDU6MTRkMi5qcGc=.jpg', 'MTgtMDUtMDkgMTA6MDU6MTdkMTEuanBn.jpg', 'B.TOYS形状发声机,6-36个月,塑料,益智', 0, 0, 27),
(181, 'B.TOYS动物医院', 252, 'MTgtMDUtMDkgMTA6MDc6MTNlMS5qcGc=.jpg,MTgtMDUtMDkgMTA6MDc6MTdlMi5qcGc=.jpg,MTgtMDUtMDkgMTA6MDc6MjBlMy5qcGc=.jpg', 'MTgtMDUtMDkgMTA6MDc6MjNlMTEuanBn.jpg,MTgtMDUtMDkgMTA6MDc6MjZlMjIuanBn.jpg,MTgtMDUtMDkgMTA6MDc6MzBlMzMuanBn.jpg', 'B.TOYS动物医院,24-72个月,塑料,情景', 0, 0, 27),
(182, '澳贝精灵金猪', 88, 'MTgtMDUtMDkgMTA6MDk6MzJmLmpwZw==.jpg', 'MTgtMDUtMDkgMTA6MDk6MzVmMS5qcGc=.jpg,MTgtMDUtMDkgMTA6MDk6MzhmMi5qcGc=.jpg', '澳贝精灵金猪,6个月以上,塑料,积木', 0, 0, 27),
(183, '费雪小蝴蝶配对盒', 55, 'MTgtMDUtMDkgMTA6MTA6NTlnMS5qcGc=.jpg,MTgtMDUtMDkgMTA6MTE6MDJnMi5qcGc=.jpg', 'MTgtMDUtMDkgMTA6MTE6MDZnMTEuanBn.jpg', '费雪小蝴蝶配对盒,6-36个月,塑料,积木', 0, 0, 27),
(184, '费雪探索学习六面盒（双语）CMY28 彩色', 168, 'MTgtMDUtMDkgMTA6MTM6MzdoMS5qcGc=.jpg,MTgtMDUtMDkgMTA6MTM6NDFoMi5qcGc=.jpg', 'MTgtMDUtMDkgMTA6MTM6NDVoMTEuanBn.jpg,MTgtMDUtMDkgMTA6MTM6NDloMjIuanBn.jpg,MTgtMDUtMDkgMTA6MTM6NTNoMzMuanBn.jpg,MTgtMDUtMDkgMTA6MTM6NTZoNDQuanBn.jpg', '费雪探索学习六面盒（双语）CMY28 彩色,6-36个月,塑料,情景', 0, 0, 27),
(185, '勾勾手 儿童早教益智玩具 百变提拉磁力片 立体拼插磁性建构智慧片积木玩具 48件套装', 129, 'MTgtMDUtMDkgMTA6MTY6NTJqMi5qcGc=.jpg,MTgtMDUtMDkgMTA6MTY6NTVqMS5qcGc=.jpg', 'MTgtMDUtMDkgMTA6MTY6NTlqMTEuanBn.jpg,MTgtMDUtMDkgMTA6MTc6MDJqMjIuanBn.jpg', '勾勾手 儿童早教益智玩具 百变提拉磁力片 立体拼插磁性建构智慧片积木玩具 48件套装,1-13岁,其他,积木', 0, 0, 27),
(186, 'B.TOYS猫琴', 258, 'MTgtMDUtMDkgMTA6MjA6MjAxMTIuanBn.jpg,MTgtMDUtMDkgMTA6MjA6MjMxMTEuanBn.jpg', 'MTgtMDUtMDkgMTA6MjA6MjYxMTMuanBn.jpg,MTgtMDUtMDkgMTA6MjA6MjkxMTQuanBn.jpg,MTgtMDUtMDkgMTA6MjA6MzIxMTUuanBn.jpg', 'B.TOYS猫琴,24-72个月,塑料,琴', 0, 0, 27),
(187, 'B.TOYS丛林冒险豹子鼓', 288, 'MTgtMDUtMDkgMTA6MjM6MjYxLmpwZw==.jpg,MTgtMDUtMDkgMTA6MjM6MzEyLmpwZw==.jpg,MTgtMDUtMDkgMTA6MjM6MzQzLmpwZw==.jpg', 'MTgtMDUtMDkgMTA6MjM6MzcxMS5qcGc=.jpg,MTgtMDUtMDkgMTA6MjM6NDAyMi5qcGc=.jpg,MTgtMDUtMDkgMTA6MjM6NDMzMy5qcGc=.jpg,MTgtMDUtMDkgMTA6MjM6NDY0NC5qcGc=.jpg,MTgtMDUtMDkgMTA6MjM6NDk1NS5qcGc=.jpg,MTgtMDUtMDkgMTA6MjM6NTI2Ni5qcGc=.jpg,MTgtMDUtMDkgMTA6MjM6NTU3Ny5qcGc=.jpg,MTgtMDUtMDkgMTA6MjM6NTk4OC5qcGc=.jpg,MTgtMDUtMDkgMTA6MjQ6MDM5OS5qcGc=.jpg,MTgtMDUtMDkgMTA6MjQ6MDc5OTEuanBn.jpg', 'B.TOYS丛林冒险豹子鼓,24-72个月,塑料,鼓', 0, 1, 27),
(188, '贝芬乐（buddyfun）儿童电子琴 益智玩具乐器带音乐话筒天籁精灵迷你钢琴88032粉色', 169, 'MTgtMDUtMDkgMTA6MjY6MzRhLmpwZw==.jpg', 'MTgtMDUtMDkgMTA6MjY6MzlhMi5qcGc=.jpg,MTgtMDUtMDkgMTA6MjY6NDJhMS5qcGc=.jpg,MTgtMDUtMDkgMTA6MjY6NDVhMy5qcGc=.jpg,MTgtMDUtMDkgMTA6MjY6NDdhNC5qcGc=.jpg,MTgtMDUtMDkgMTA6MjY6NTBhNS5qcGc=.jpg', '贝芬乐（buddyfun）儿童电子琴 益智玩具乐器带音乐话筒天籁精灵迷你钢琴88032粉色,/,其他,琴', 0, 0, 27),
(189, '贝芬乐（buddyfun）儿童电子琴 益智玩具带音乐话筒 经典乐章电子琴20149', 199, 'MTgtMDUtMDkgMTA6Mjg6MzlhLmpwZw==.jpg', 'MTgtMDUtMDkgMTA6Mjg6NDFhMS5qcGc=.jpg,MTgtMDUtMDkgMTA6Mjg6NDRhMi5qcGc=.jpg,MTgtMDUtMDkgMTA6Mjg6NDdhMy5qcGc=.jpg,MTgtMDUtMDkgMTA6Mjg6NTBhNC5qcGc=.jpg,MTgtMDUtMDkgMTA6Mjg6NTNhNS5qcGc=.jpg', '贝芬乐（buddyfun）儿童电子琴 益智玩具带音乐话筒 经典乐章电子琴20149,/,塑料,琴', 0, 0, 27),
(190, '德国Hape玩具早旋律敲琴台E0305 儿童启蒙乐器 八音阶音乐木琴组合 木制', 258, 'MTgtMDUtMDkgMTA6MzA6MTZiLmpwZw==.jpg', 'MTgtMDUtMDkgMTA6MzA6MTliMS5qcGc=.jpg,MTgtMDUtMDkgMTA6MzA6MjJiMi5qcGc=.jpg', '德国Hape玩具早旋律敲琴台E0305 儿童启蒙乐器 八音阶音乐木琴组合 木制,/,其他,乐器', 0, 0, 27),
(191, '阿李罗/ALILO火火兔G6S wifi版早教故事机*蓝色小兔+防摔包', 198, 'MTgtMDUtMDkgMTE6MjQ6MTlzMS5qcGc=.jpg,MTgtMDUtMDkgMTE6MjQ6MjJzMi5qcGc=.jpg', 'MTgtMDUtMDkgMTE6MjQ6MjRzMTEuanBn.jpg,MTgtMDUtMDkgMTE6MjQ6MjdzMjIuanBn.jpg,MTgtMDUtMDkgMTE6MjQ6MzBzMzMuanBn.jpg', '阿李罗/ALILO火火兔G6S wifi版早教故事机*蓝色小兔+防摔包,3-96个月,硅胶,塑料,益智玩具', 0, 0, 27),
(192, '阿李罗/ALILO火火兔G6S wifi版早教故事机*粉色小兔+防摔包', 198, 'MTgtMDUtMDkgMTE6Mjg6MDJkMS5qcGc=.jpg,MTgtMDUtMDkgMTE6Mjg6MDVzMi5qcGc=.jpg', 'MTgtMDUtMDkgMTE6MjU6NDRzMTEuanBn.jpg,MTgtMDUtMDkgMTE6MjU6NDdzMjIuanBn.jpg,MTgtMDUtMDkgMTE6MjU6NTBzMzMuanBn.jpg', '阿李罗/ALILO火火兔G6S wifi版早教故事机*粉色小兔+防摔包,3-96个月,硅胶,塑料,故事机', 0, 0, 27),
(193, '阿李罗/ALILO火火兔 I6 早教儿童卡拉OK视频故事机*粉色小兔', 399, 'MTgtMDUtMDkgMTE6MzA6MjhsMS5qcGc=.jpg', 'MTgtMDUtMDkgMTE6MzA6MzBsMTEuanBn.jpg,MTgtMDUtMDkgMTE6MzA6MzRsMjIuanBn.jpg,MTgtMDUtMDkgMTE6MzA6MzZsMzMuanBn.jpg', '阿李罗/ALILO火火兔 I6 早教儿童卡拉OK视频故事机*粉色小兔,6-96个月,硅胶,塑料,故事机', 0, 0, 27),
(194, '名校堂 R5 卡拉OK视频早教学习机16G内存*可爱粉', 388, 'MTgtMDUtMDkgMTE6MzM6MzFxwrcuanBn.jpg', 'MTgtMDUtMDkgMTE6MzM6MzVxMTEuanBn.jpg,MTgtMDUtMDkgMTE6MzM6MzhxMjIuanBn.jpg,MTgtMDUtMDkgMTE6MzM6NDFxMzMuanBn.jpg,MTgtMDUtMDkgMTE6MzM6NDRxNDQuanBn.jpg,MTgtMDUtMDkgMTE6MzM6NDhxNTUuanBn.jpg', '名校堂 R5 卡拉OK视频早教学习机16G内存*可爱粉,3-120个月,硅胶,塑料,益智', 0, 0, 27),
(195, '费雪欢乐成长之脚踏钢琴健身器W2621', 359, 'MTgtMDUtMDkgMTE6MzU6MjR6MS5qcGc=.jpg', 'MTgtMDUtMDkgMTE6MzU6Mjd6MTEuanBn.jpg,MTgtMDUtMDkgMTE6MzU6MzB6MjIuanBn.jpg', '费雪欢乐成长之脚踏钢琴健身器W2621,/,塑料,健身器', 0, 0, 27),
(196, '澳贝音乐健身架', 169, 'MTgtMDUtMDkgMTE6Mzc6Mzlld3EuanBn.jpg', 'MTgtMDUtMDkgMTE6Mzc6NDNlcXEuanBn.jpg,MTgtMDUtMDkgMTE6Mzc6NDZlcXFxLmpwZw==.jpg,MTgtMDUtMDkgMTE6Mzc6NDllcXF3LmpwZw==.jpg,MTgtMDUtMDkgMTE6Mzc6NTNld3cuanBn.jpg', '澳贝音乐健身架,3个月以上,塑料,健身器', 0, 0, 27),
(197, 'B.TOYS26个字母卡片地垫', 299, 'MTgtMDUtMDkgMTE6Mzk6NTUyLmpwZw==.jpg,MTgtMDUtMDkgMTE6Mzk6NTcxLmpwZw==.jpg', 'MTgtMDUtMDkgMTE6NDA6MDAxMS5qcGc=.jpg,MTgtMDUtMDkgMTE6NDA6MDMyMi5qcGc=.jpg,MTgtMDUtMDkgMTE6NDA6MDUzMy5qcGc=.jpg,MTgtMDUtMDkgMTE6NDA6MDg0NC5qcGc=.jpg,MTgtMDUtMDkgMTE6NDA6MTI1NS5qcGc=.jpg,MTgtMDUtMDkgMTE6NDA6MTU2Ni5qcGc=.jpg', 'B.TOYS26个字母卡片地垫,36-72个月,塑料,学爬', 0, 0, 27),
(198, 'B.TOYS回转遥控车-拉力', 179, 'MTgtMDUtMDkgMTE6NDI6MDJhYS5qcGc=.jpg,MTgtMDUtMDkgMTE6NDI6MDVhYWEuanBn.jpg', 'MTgtMDUtMDkgMTE6NDI6MDhhYWFhLmpwZw==.jpg,MTgtMDUtMDkgMTE6NDI6MTFhYi5qcGc=.jpg,MTgtMDUtMDkgMTE6NDI6MTRhYmIuanBn.jpg,MTgtMDUtMDkgMTE6NDI6MTdhYmJjLmpwZw==.jpg', 'B.TOYS回转遥控车-拉力,12-48个月,塑料,遥控类', 0, 0, 27),
(199, 'Little Tikes小泰克 翻滚旋转遥控车', 299, 'MTgtMDUtMDkgMTE6NDM6MjN2LmpwZw==.jpg', 'MTgtMDUtMDkgMTE6NDM6MjZ2MS5qcGc=.jpg,MTgtMDUtMDkgMTE6NDM6Mjl2Mi5qcGc=.jpg,MTgtMDUtMDkgMTE6NDM6MzJ2My5qcGc=.jpg', 'Little Tikes小泰克 翻滚旋转遥控车,36个月以上,其他,摇马', 0, 0, 27),
(200, '绘儿乐（Crayola）趣味创意画架 5043（颜色随机）', 288, 'MTgtMDUtMDkgMTE6NDU6MTV6LmpwZw==.jpg,MTgtMDUtMDkgMTE6NDU6MTh6ei5qcGc=.jpg', 'MTgtMDUtMDkgMTE6NDU6MjF6MS5qcGc=.jpg,MTgtMDUtMDkgMTE6NDU6MjR6Mi5qcGc=.jpg', '绘儿乐（Crayola）趣味创意画架 5043（颜色随机）,12个月以上,塑料,画画', 0, 0, 27),
(201, '绘儿乐（Crayola）多功能实用画室 5038（颜色随机）', 399, 'MTgtMDUtMDkgMTE6NDc6MDNxcXEuanBn.jpg', 'MTgtMDUtMDkgMTE6NDc6MDVxcXExLmpwZw==.jpg,MTgtMDUtMDkgMTE6NDc6MDlxcXEyLmpwZw==.jpg', '绘儿乐（Crayola）多功能实用画室 5038（颜色随机）,36个月以上,塑料,画画', 0, 0, 27),
(202, '绘儿乐（Crayola）两用画架活动桌 5029 儿童画板 画画工具（颜色随机）', 399, 'MTgtMDUtMDkgMTE6NTA6NTFpaWkuanBn.jpg', 'MTgtMDUtMDkgMTE6NTA6NTRpaWkxLmpwZw==.jpg,MTgtMDUtMDkgMTE6NTA6NTdpaWkyLmpwZw==.jpg', '绘儿乐（Crayola）两用画架活动桌 5029 儿童画板 画画工具（颜色随机）,36个月以上,塑料,画画', 0, 0, 27);

-- --------------------------------------------------------

--
-- 表的结构 `order`
--

CREATE TABLE IF NOT EXISTS `order` (
  `id` varchar(64) COLLATE utf8_unicode_ci NOT NULL COMMENT '订单id',
  `weixinId` varchar(29) COLLATE utf8_unicode_ci NOT NULL COMMENT '微信用户id',
  `addressid` int(11) NOT NULL COMMENT '地址id',
  `status` tinyint(3) NOT NULL COMMENT '订单状态，0已付款1已发货2已完成',
  `float_time` float(12,0) NOT NULL COMMENT '提交订单的时间',
  UNIQUE KEY `id` (`id`)
) ENGINE=MyISAM DEFAULT CHARSET=utf8 COLLATE=utf8_unicode_ci COMMENT='订单表';

--
-- 转存表中的数据 `order`
--

INSERT INTO `order` (`id`, `weixinId`, `addressid`, `status`, `float_time`) VALUES
('201805050915551573', 'oxiQ65D4ROe2wNwY8CpVQwHriw3k', 11, 2, 1525483008),
('201805050916226062', 'oxiQ65D4ROe2wNwY8CpVQwHriw3k', 11, 2, 1525483008),
('201805050919186498', 'oxiQ65D4ROe2wNwY8CpVQwHriw3k', 11, 1, 1525483136),
('201805050919348946', 'oxiQ65D4ROe2wNwY8CpVQwHriw3k', 11, 2, 1525483136),
('201805050919449346', 'oxiQ65D4ROe2wNwY8CpVQwHriw3k', 11, 1, 1525483136),
('201805050919522106', 'oxiQ65D4ROe2wNwY8CpVQwHriw3k', 11, 0, 1525483136),
('201805050930167438', 'oxiQ65D4ROe2wNwY8CpVQwHriw3k', 15, 0, 1525483776),
('201805091010454823', 'oxiQ65D4ROe2wNwY8CpVQwHriw3k', 11, 0, 1525831808),
('201805091010534180', 'oxiQ65D4ROe2wNwY8CpVQwHriw3k', 11, 0, 1525831808),
('201805091011011773', 'oxiQ65D4ROe2wNwY8CpVQwHriw3k', 11, 0, 1525831808),
('201805091011517583', 'oxiQ65D4ROe2wNwY8CpVQwHriw3k', 11, 0, 1525831936);

/*!40101 SET CHARACTER_SET_CLIENT=@OLD_CHARACTER_SET_CLIENT */;
/*!40101 SET CHARACTER_SET_RESULTS=@OLD_CHARACTER_SET_RESULTS */;
/*!40101 SET COLLATION_CONNECTION=@OLD_COLLATION_CONNECTION */;
